date,symbol,price,currency
2007-04-02,QAR,0.003389,CHF
2007-04-03,QAR,0.003395,CHF
2007-04-04,QAR,0.003402,CHF
2007-04-05,QAR,0.003404,CHF
2007-04-10,QAR,0.003403,CHF
2007-04-11,QAR,0.00340,CHF
2007-04-12,QAR,0.003401,CHF
2007-04-13,QAR,0.003377,CHF
2007-04-16,QAR,0.003386,CHF
2007-04-17,QAR,0.003383,CHF
2007-04-18,QAR,0.003362,CHF
2007-04-19,QAR,0.003354,CHF
2007-04-20,QAR,0.003366,CHF
2007-04-23,QAR,0.003375,CHF
2007-04-24,QAR,0.003376,CHF
2007-04-25,QAR,0.003353,CHF
2007-04-26,QAR,0.003361,CHF
2007-04-27,QAR,0.003366,CHF
2007-04-30,QAR,0.003371,CHF
2007-05-01,QAR,0.003371,CHF
2007-05-02,QAR,0.003393,CHF
2007-05-03,QAR,0.003378,CHF
2007-05-04,QAR,0.003389,CHF
2007-05-07,QAR,0.003373,CHF
2007-05-08,QAR,0.00339,CHF
2007-05-09,QAR,0.003394,CHF
2007-05-10,QAR,0.003395,CHF
2007-05-11,QAR,0.003399,CHF
2007-05-14,QAR,0.003403,CHF
2007-05-15,QAR,0.003396,CHF
2007-05-16,QAR,0.00339,CHF
2007-05-18,QAR,0.003422,CHF
2007-05-21,QAR,0.003424,CHF
2007-05-22,QAR,0.003431,CHF
2007-05-23,QAR,0.003431,CHF
2007-05-24,QAR,0.003427,CHF
2007-05-25,QAR,0.003424,CHF
2007-05-29,QAR,0.003421,CHF
2007-05-30,QAR,0.003417,CHF
2007-05-31,QAR,0.00342,CHF
2007-06-01,QAR,0.003428,CHF
2007-06-04,QAR,0.003427,CHF
2007-06-05,QAR,0.003409,CHF
2007-06-06,QAR,0.003396,CHF
2007-06-07,QAR,0.003403,CHF
2007-06-08,QAR,0.003429,CHF
2007-06-11,QAR,0.345292,CHF
2007-06-12,QAR,0.345595,CHF
2007-06-13,QAR,0.347058,CHF
2007-06-14,QAR,0.347363,CHF
2007-06-15,QAR,0.347249,CHF
2007-06-18,QAR,0.345972,CHF
2007-06-19,QAR,0.346055,CHF
2007-06-20,QAR,0.345456,CHF
2007-06-21,QAR,0.346119,CHF
2007-06-22,QAR,0.344406,CHF
2007-06-25,QAR,0.34267,CHF
2007-06-26,QAR,0.342876,CHF
2007-06-27,QAR,0.34285,CHF
2007-06-28,QAR,0.34265,CHF
2007-06-29,QAR,0.343294,CHF
2007-07-02,QAR,0.339438,CHF
2007-07-03,QAR,0.337962,CHF
2007-07-04,QAR,0.339197,CHF
2007-07-05,QAR,0.338259,CHF
2007-07-06,QAR,0.340034,CHF
2007-07-09,QAR,0.339762,CHF
2007-07-10,QAR,0.339362,CHF
2007-07-11,QAR,0.335304,CHF
2007-07-12,QAR,0.335434,CHF
2007-07-13,QAR,0.336155,CHF
2007-07-16,QAR,0.335326,CHF
2007-07-17,QAR,0.335066,CHF
2007-07-18,QAR,0.333841,CHF
2007-07-19,QAR,0.33510,CHF
2007-07-20,QAR,0.336028,CHF
2007-07-23,QAR,0.334938,CHF
2007-07-24,QAR,0.336302,CHF
2007-07-25,QAR,0.337111,CHF
2007-07-26,QAR,0.33838,CHF
2007-07-27,QAR,0.336694,CHF
2007-07-30,QAR,0.335664,CHF
2007-07-31,QAR,0.33604,CHF
2007-08-02,QAR,0.335856,CHF
2007-08-03,QAR,0.336629,CHF
2007-08-06,QAR,0.330609,CHF
2007-08-07,QAR,0.331947,CHF
2007-08-08,QAR,0.334297,CHF
2007-08-09,QAR,0.333347,CHF
2007-08-10,QAR,0.333254,CHF
2007-08-13,QAR,0.334367,CHF
2007-08-14,QAR,0.336725,CHF
2007-08-15,QAR,0.338514,CHF
2007-08-16,QAR,0.339818,CHF
2007-08-17,QAR,0.337368,CHF
2007-08-20,QAR,0.336797,CHF
2007-08-21,QAR,0.335785,CHF
2007-08-22,QAR,0.336533,CHF
2007-08-23,QAR,0.337039,CHF
2007-08-24,QAR,0.336182,CHF
2007-08-27,QAR,0.335281,CHF
2007-08-28,QAR,0.335159,CHF
2007-08-29,QAR,0.33530,CHF
2007-08-30,QAR,0.335402,CHF
2007-08-31,QAR,0.336202,CHF
2007-09-03,QAR,0.336763,CHF
2007-09-04,QAR,0.337382,CHF
2007-09-05,QAR,0.338113,CHF
2007-09-06,QAR,0.336027,CHF
2007-09-07,QAR,0.335245,CHF
2007-09-10,QAR,0.331086,CHF
2007-09-11,QAR,0.331463,CHF
2007-09-12,QAR,0.330879,CHF
2007-09-13,QAR,0.329837,CHF
2007-09-14,QAR,0.330617,CHF
2007-09-17,QAR,0.330898,CHF
2007-09-18,QAR,0.331159,CHF
2007-09-19,QAR,0.329441,CHF
2007-09-20,QAR,0.327404,CHF
2007-09-21,QAR,0.32706,CHF
2007-09-24,QAR,0.32687,CHF
2007-09-25,QAR,0.327384,CHF
2007-09-26,QAR,0.32632,CHF
2007-09-27,QAR,0.326751,CHF
2007-09-28,QAR,0.326552,CHF
2007-10-01,QAR,0.326718,CHF
2007-10-02,QAR,0.32713,CHF
2007-10-03,QAR,0.327462,CHF
2007-10-04,QAR,0.328938,CHF
2007-10-05,QAR,0.328305,CHF
2007-10-08,QAR,0.329354,CHF
2007-10-09,QAR,0.331009,CHF
2007-10-10,QAR,0.329875,CHF
2007-10-11,QAR,0.328945,CHF
2007-10-12,QAR,0.329909,CHF
2007-10-15,QAR,0.329206,CHF
2007-10-16,QAR,0.329917,CHF
2007-10-17,QAR,0.329283,CHF
2007-10-18,QAR,0.328249,CHF
2007-10-19,QAR,0.326933,CHF
2007-10-22,QAR,0.324626,CHF
2007-10-23,QAR,0.327409,CHF
2007-10-24,QAR,0.327832,CHF
2007-10-25,QAR,0.326784,CHF
2007-10-26,QAR,0.325142,CHF
2007-10-29,QAR,0.324622,CHF
2007-10-30,QAR,0.32569,CHF
2007-10-31,QAR,0.323367,CHF
2007-11-01,QAR,0.324613,CHF
2007-11-02,QAR,0.322158,CHF
2007-11-05,QAR,0.32223,CHF
2007-11-06,QAR,0.321396,CHF
2007-11-07,QAR,0.317148,CHF
2007-11-08,QAR,0.316219,CHF
2007-11-09,QAR,0.313188,CHF
2007-11-12,QAR,0.31386,CHF
2007-11-13,QAR,0.313849,CHF
2007-11-14,QAR,0.313744,CHF
2007-11-15,QAR,0.313768,CHF
2007-11-16,QAR,0.312807,CHF
2007-11-19,QAR,0.312484,CHF
2007-11-20,QAR,0.309626,CHF
2007-11-21,QAR,0.30930,CHF
2007-11-22,QAR,0.307657,CHF
2007-11-23,QAR,0.305525,CHF
2007-11-26,QAR,0.307624,CHF
2007-11-27,QAR,0.307415,CHF
2007-11-28,QAR,0.310528,CHF
2007-11-29,QAR,0.313025,CHF
2007-11-30,QAR,0.31381,CHF
2007-12-03,QAR,0.316495,CHF
2007-12-04,QAR,0.316307,CHF
2007-12-05,QAR,0.313581,CHF
2007-12-06,QAR,0.316327,CHF
2007-12-07,QAR,0.316468,CHF
2007-12-10,QAR,0.316033,CHF
2007-12-11,QAR,0.31693,CHF
2007-12-12,QAR,0.316843,CHF
2007-12-13,QAR,0.317374,CHF
2007-12-14,QAR,0.320494,CHF
2007-12-17,QAR,0.323239,CHF
2007-12-18,QAR,0.322235,CHF
2007-12-19,QAR,0.323079,CHF
2007-12-20,QAR,0.323746,CHF
2007-12-21,QAR,0.323365,CHF
2007-12-24,QAR,0.323365,CHF
2007-12-27,QAR,0.321862,CHF
2007-12-28,QAR,0.317778,CHF
2007-12-31,QAR,0.317778,CHF
2008-01-03,QAR,0.312773,CHF
2008-01-04,QAR,0.311448,CHF
2008-01-07,QAR,0.312217,CHF
2008-01-08,QAR,0.312322,CHF
2008-01-09,QAR,0.311373,CHF
2008-01-10,QAR,0.312067,CHF
2008-01-11,QAR,0.308647,CHF
2008-01-14,QAR,0.305435,CHF
2008-01-15,QAR,0.306121,CHF
2008-01-16,QAR,0.305088,CHF
2008-01-17,QAR,0.309837,CHF
2008-01-18,QAR,0.30906,CHF
2008-01-21,QAR,0.307584,CHF
2008-01-22,QAR,0.30884,CHF
2008-01-23,QAR,0.305417,CHF
2008-01-24,QAR,0.304154,CHF
2008-01-25,QAR,0.30635,CHF
2008-01-28,QAR,0.305567,CHF
2008-01-29,QAR,0.305822,CHF
2008-01-30,QAR,0.30557,CHF
2008-01-31,QAR,0.303977,CHF
2008-02-01,QAR,0.301664,CHF
2008-02-04,QAR,0.305078,CHF
2008-02-05,QAR,0.306228,CHF
2008-02-06,QAR,0.307744,CHF
2008-02-07,QAR,0.307061,CHF
2008-02-08,QAR,0.309111,CHF
2008-02-11,QAR,0.306854,CHF
2008-02-12,QAR,0.308315,CHF
2008-02-13,QAR,0.30857,CHF
2008-02-14,QAR,0.30915,CHF
2008-02-15,QAR,0.306709,CHF
2008-02-18,QAR,0.307839,CHF
2008-02-19,QAR,0.306388,CHF
2008-02-20,QAR,0.306719,CHF
2008-02-21,QAR,0.306491,CHF
2008-02-22,QAR,0.304889,CHF
2008-02-25,QAR,0.304532,CHF
2008-02-26,QAR,0.30494,CHF
2008-02-27,QAR,0.298253,CHF
2008-02-28,QAR,0.297362,CHF
2008-02-29,QAR,0.293603,CHF
2008-03-03,QAR,0.290546,CHF
2008-03-04,QAR,0.291026,CHF
2008-03-05,QAR,0.291335,CHF
2008-03-06,QAR,0.28821,CHF
2008-03-07,QAR,0.286474,CHF
2008-03-10,QAR,0.285776,CHF
2008-03-11,QAR,0.283993,CHF
2008-03-12,QAR,0.288403,CHF
2008-03-13,QAR,0.282713,CHF
2008-03-14,QAR,0.282485,CHF
2008-03-17,QAR,0.274615,CHF
2008-03-18,QAR,0.275815,CHF
2008-03-19,QAR,0.27728,CHF
2008-03-20,QAR,0.282074,CHF
2008-03-25,QAR,0.284016,CHF
2008-03-26,QAR,0.281669,CHF
2008-03-27,QAR,0.277617,CHF
2008-03-28,QAR,0.278022,CHF
2008-03-31,QAR,0.278176,CHF
2008-04-01,QAR,0.279952,CHF
2008-04-02,QAR,0.282472,CHF
2008-04-03,QAR,0.283324,CHF
2008-04-04,QAR,0.281972,CHF
2008-04-07,QAR,0.283877,CHF
2008-04-08,QAR,0.282111,CHF
2008-04-09,QAR,0.282893,CHF
2008-04-10,QAR,0.278108,CHF
2008-04-11,QAR,0.280815,CHF
2008-04-14,QAR,0.279762,CHF
2008-04-15,QAR,0.278938,CHF
2008-04-16,QAR,0.280795,CHF
2008-04-17,QAR,0.278745,CHF
2008-04-18,QAR,0.28112,CHF
2008-04-21,QAR,0.282979,CHF
2008-04-22,QAR,0.282426,CHF
2008-04-23,QAR,0.281254,CHF
2008-04-24,QAR,0.284631,CHF
2008-04-25,QAR,0.29064,CHF
2008-04-28,QAR,0.288681,CHF
2008-04-29,QAR,0.290289,CHF
2008-04-30,QAR,0.288849,CHF
2008-05-02,QAR,0.292787,CHF
2008-05-05,QAR,0.294599,CHF
2008-05-06,QAR,0.293953,CHF
2008-05-07,QAR,0.294461,CHF
2008-05-08,QAR,0.295174,CHF
2008-05-09,QAR,0.292152,CHF
2008-05-12,QAR,0.292152,CHF
2008-05-13,QAR,0.291843,CHF
2008-05-14,QAR,0.294982,CHF
2008-05-15,QAR,0.293374,CHF
2008-05-16,QAR,0.294456,CHF
2008-05-19,QAR,0.291316,CHF
2008-05-20,QAR,0.291059,CHF
2008-05-21,QAR,0.290249,CHF
2008-05-22,QAR,0.286966,CHF
2008-05-23,QAR,0.288411,CHF
2008-05-26,QAR,0.286487,CHF
2008-05-27,QAR,0.286933,CHF
2008-05-28,QAR,0.289602,CHF
2008-05-29,QAR,0.291112,CHF
2008-05-30,QAR,0.293456,CHF
2008-06-02,QAR,0.290311,CHF
2008-06-03,QAR,0.288825,CHF
2008-06-04,QAR,0.29143,CHF
2008-06-05,QAR,0.292507,CHF
2008-06-06,QAR,0.28989,CHF
2008-06-09,QAR,0.284344,CHF
2008-06-10,QAR,0.288095,CHF
2008-06-11,QAR,0.291251,CHF
2008-06-12,QAR,0.290633,CHF
2008-06-13,QAR,0.291472,CHF
2008-06-16,QAR,0.29341,CHF
2008-06-17,QAR,0.289591,CHF
2008-06-18,QAR,0.291183,CHF
2008-06-19,QAR,0.289009,CHF
2008-06-20,QAR,0.29104,CHF
2008-06-23,QAR,0.290555,CHF
2008-06-24,QAR,0.290402,CHF
2008-06-25,QAR,0.290437,CHF
2008-06-26,QAR,0.290048,CHF
2008-06-27,QAR,0.28611,CHF
2008-06-30,QAR,0.283883,CHF
2008-07-01,QAR,0.284698,CHF
2008-07-02,QAR,0.284452,CHF
2008-07-03,QAR,0.283274,CHF
2008-07-04,QAR,0.286327,CHF
2008-07-07,QAR,0.288281,CHF
2008-07-08,QAR,0.286607,CHF
2008-07-09,QAR,0.288165,CHF
2008-07-10,QAR,0.287265,CHF
2008-07-11,QAR,0.28637,CHF
2008-07-14,QAR,0.285444,CHF
2008-07-15,QAR,0.282681,CHF
2008-07-16,QAR,0.281575,CHF
2008-07-17,QAR,0.284003,CHF
2008-07-18,QAR,0.284583,CHF
2008-07-21,QAR,0.285036,CHF
2008-07-22,QAR,0.283936,CHF
2008-07-23,QAR,0.288596,CHF
2008-07-24,QAR,0.290061,CHF
2008-07-25,QAR,0.28854,CHF
2008-07-28,QAR,0.289553,CHF
2008-07-29,QAR,0.288684,CHF
2008-07-30,QAR,0.291862,CHF
2008-07-31,QAR,0.292798,CHF
2008-08-04,QAR,0.292503,CHF
2008-08-05,QAR,0.293345,CHF
2008-08-06,QAR,0.293562,CHF
2008-08-07,QAR,0.294779,CHF
2008-08-08,QAR,0.299759,CHF
2008-08-11,QAR,0.300423,CHF
2008-08-12,QAR,0.303807,CHF
2008-08-13,QAR,0.303473,CHF
2008-08-14,QAR,0.303185,CHF
2008-08-15,QAR,0.306877,CHF
2008-08-18,QAR,0.30619,CHF
2008-08-19,QAR,0.307241,CHF
2008-08-20,QAR,0.305764,CHF
2008-08-21,QAR,0.305257,CHF
2008-08-22,QAR,0.304859,CHF
2008-08-25,QAR,0.30675,CHF
2008-08-26,QAR,0.308676,CHF
2008-08-27,QAR,0.305262,CHF
2008-08-28,QAR,0.304621,CHF
2008-08-29,QAR,0.305811,CHF
2008-09-01,QAR,0.306222,CHF
2008-09-02,QAR,0.308058,CHF
2008-09-03,QAR,0.310477,CHF
2008-09-04,QAR,0.307844,CHF
2008-09-05,QAR,0.310425,CHF
2008-09-08,QAR,0.311895,CHF
2008-09-09,QAR,0.314437,CHF
2008-09-10,QAR,0.314264,CHF
2008-09-11,QAR,0.317531,CHF
2008-09-12,QAR,0.316611,CHF
2008-09-15,QAR,0.310933,CHF
2008-09-16,QAR,0.308752,CHF
2008-09-17,QAR,0.311975,CHF
2008-09-18,QAR,0.304028,CHF
2008-09-19,QAR,0.313139,CHF
2008-09-22,QAR,0.307737,CHF
2008-09-23,QAR,0.300749,CHF
2008-09-24,QAR,0.303401,CHF
2008-09-25,QAR,0.301777,CHF
2008-09-26,QAR,0.303666,CHF
2008-09-29,QAR,0.307203,CHF
2008-09-30,QAR,0.305626,CHF
2008-10-01,QAR,0.312481,CHF
2008-10-02,QAR,0.31469,CHF
2008-10-03,QAR,0.316073,CHF
2008-10-06,QAR,0.31695,CHF
2008-10-07,QAR,0.319027,CHF
2008-10-08,QAR,0.317284,CHF
2008-10-09,QAR,0.315089,CHF
2008-10-10,QAR,0.312307,CHF
2008-10-13,QAR,0.316571,CHF
2008-10-14,QAR,0.316647,CHF
2008-10-15,QAR,0.318348,CHF
2008-10-16,QAR,0.31988,CHF
2008-10-17,QAR,0.316965,CHF
2008-10-20,QAR,0.316895,CHF
2008-10-21,QAR,0.321869,CHF
2008-10-22,QAR,0.325636,CHF
2008-10-23,QAR,0.325974,CHF
2008-10-24,QAR,0.327195,CHF
2008-10-27,QAR,0.325767,CHF
2008-10-28,QAR,0.324005,CHF
2008-10-29,QAR,0.321037,CHF
2008-10-30,QAR,0.31536,CHF
2008-10-31,QAR,0.321153,CHF
2008-11-03,QAR,0.323317,CHF
2008-11-04,QAR,0.327303,CHF
2008-11-05,QAR,0.324922,CHF
2008-11-06,QAR,0.325253,CHF
2008-11-07,QAR,0.327145,CHF
2008-11-10,QAR,0.328017,CHF
2008-11-11,QAR,0.327843,CHF
2008-11-12,QAR,0.331005,CHF
2008-11-13,QAR,0.331919,CHF
2008-11-14,QAR,0.33194,CHF
2008-11-17,QAR,0.332984,CHF
2008-11-18,QAR,0.334838,CHF
2008-11-19,QAR,0.337256,CHF
2008-11-20,QAR,0.339215,CHF
2008-11-21,QAR,0.343505,CHF
2008-11-24,QAR,0.340325,CHF
2008-11-25,QAR,0.335561,CHF
2008-11-26,QAR,0.333315,CHF
2008-11-27,QAR,0.335093,CHF
2008-11-28,QAR,0.335166,CHF
2008-12-01,QAR,0.338736,CHF
2008-12-02,QAR,0.337524,CHF
2008-12-03,QAR,0.338121,CHF
2008-12-04,QAR,0.338154,CHF
2008-12-05,QAR,0.334992,CHF
2008-12-08,QAR,0.339989,CHF
2008-12-09,QAR,0.338062,CHF
2008-12-10,QAR,0.336255,CHF
2008-12-11,QAR,0.332422,CHF
2008-12-12,QAR,0.330175,CHF
2008-12-15,QAR,0.327615,CHF
2008-12-16,QAR,0.323589,CHF
2008-12-17,QAR,0.311305,CHF
2008-12-18,QAR,0.296712,CHF
2008-12-19,QAR,0.302042,CHF
2008-12-22,QAR,0.307393,CHF
2008-12-23,QAR,0.305437,CHF
2008-12-24,QAR,0.30354,CHF
2008-12-29,QAR,0.294314,CHF
2008-12-30,QAR,0.295211,CHF
2008-12-31,QAR,0.295143,CHF
2009-01-05,QAR,0.299993,CHF
2009-01-06,QAR,0.312071,CHF
2009-01-07,QAR,0.309806,CHF
2009-01-08,QAR,0.307149,CHF
2009-01-09,QAR,0.305399,CHF
2009-01-12,QAR,0.312484,CHF
2009-01-13,QAR,0.312763,CHF
2009-01-14,QAR,0.311299,CHF
2009-01-15,QAR,0.311276,CHF
2009-01-16,QAR,0.313102,CHF
2009-01-19,QAR,0.313231,CHF
2009-01-20,QAR,0.317923,CHF
2009-01-21,QAR,0.319732,CHF
2009-01-22,QAR,0.323042,CHF
2009-01-23,QAR,0.325365,CHF
2009-01-26,QAR,0.324633,CHF
2009-01-27,QAR,0.317976,CHF
2009-01-28,QAR,0.317081,CHF
2009-01-29,QAR,0.322834,CHF
2009-01-30,QAR,0.322687,CHF
2009-02-02,QAR,0.326133,CHF
2009-02-03,QAR,0.324804,CHF
2009-02-04,QAR,0.320142,CHF
2009-02-05,QAR,0.324219,CHF
2009-02-06,QAR,0.327122,CHF
2009-02-09,QAR,0.32583,CHF
2009-02-10,QAR,0.328021,CHF
2009-02-11,QAR,0.322127,CHF
2009-02-12,QAR,0.324005,CHF
2009-02-13,QAR,0.324376,CHF
2009-02-16,QAR,0.326536,CHF
2009-02-17,QAR,0.328474,CHF
2009-02-18,QAR,0.32759,CHF
2009-02-19,QAR,0.328312,CHF
2009-02-20,QAR,0.33131,CHF
2009-02-23,QAR,0.32261,CHF
2009-02-24,QAR,0.326611,CHF
2009-02-25,QAR,0.323194,CHF
2009-02-26,QAR,0.32601,CHF
2009-02-27,QAR,0.328047,CHF
2009-03-02,QAR,0.327776,CHF
2009-03-03,QAR,0.327286,CHF
2009-03-04,QAR,0.330575,CHF
2009-03-05,QAR,0.327783,CHF
2009-03-06,QAR,0.321785,CHF
2009-03-09,QAR,0.324233,CHF
2009-03-10,QAR,0.322725,CHF
2009-03-11,QAR,0.32525,CHF
2009-03-12,QAR,0.323061,CHF
2009-03-13,QAR,0.33114,CHF
2009-03-16,QAR,0.331241,CHF
2009-03-17,QAR,0.331504,CHF
2009-03-18,QAR,0.329819,CHF
2009-03-19,QAR,0.319774,CHF
2009-03-20,QAR,0.312972,CHF
2009-03-23,QAR,0.313228,CHF
2009-03-24,QAR,0.31443,CHF
2009-03-25,QAR,0.316154,CHF
2009-03-26,QAR,0.313723,CHF
2009-03-27,QAR,0.315335,CHF
2009-03-30,QAR,0.321108,CHF
2009-03-31,QAR,0.319605,CHF
2009-04-01,QAR,0.319885,CHF
2009-04-02,QAR,0.32023,CHF
2009-04-03,QAR,0.317701,CHF
2009-04-06,QAR,0.315097,CHF
2009-04-07,QAR,0.317797,CHF
2009-04-08,QAR,0.320768,CHF
2009-04-09,QAR,0.31985,CHF
2009-04-14,QAR,0.317347,CHF
2009-04-15,QAR,0.319426,CHF
2009-04-16,QAR,0.320305,CHF
2009-04-17,QAR,0.324025,CHF
2009-04-20,QAR,0.326266,CHF
2009-04-21,QAR,0.326531,CHF
2009-04-22,QAR,0.326697,CHF
2009-04-23,QAR,0.325089,CHF
2009-04-24,QAR,0.319975,CHF
2009-04-27,QAR,0.31967,CHF
2009-04-28,QAR,0.323869,CHF
2009-04-29,QAR,0.318231,CHF
2009-04-30,QAR,0.315008,CHF
2009-05-01,QAR,0.31819,CHF
2009-05-04,QAR,0.316641,CHF
2009-05-05,QAR,0.315734,CHF
2009-05-06,QAR,0.316807,CHF
2009-05-07,QAR,0.317871,CHF
2009-05-08,QAR,0.315433,CHF
2009-05-11,QAR,0.308698,CHF
2009-05-12,QAR,0.308822,CHF
2009-05-13,QAR,0.307843,CHF
2009-05-14,QAR,0.309811,CHF
2009-05-15,QAR,0.309572,CHF
2009-05-18,QAR,0.313902,CHF
2009-05-19,QAR,0.310969,CHF
2009-05-20,QAR,0.31018,CHF
2009-05-22,QAR,0.303764,CHF
2009-05-25,QAR,0.303262,CHF
2009-05-26,QAR,0.303909,CHF
2009-05-27,QAR,0.303693,CHF
2009-05-28,QAR,0.304566,CHF
2009-05-29,QAR,0.301867,CHF
2009-06-02,QAR,0.299598,CHF
2009-06-03,QAR,0.297356,CHF
2009-06-04,QAR,0.298089,CHF
2009-06-05,QAR,0.298993,CHF
2009-06-08,QAR,0.306509,CHF
2009-06-09,QAR,0.305829,CHF
2009-06-10,QAR,0.299747,CHF
2009-06-11,QAR,0.300942,CHF
2009-06-12,QAR,0.299742,CHF
2009-06-15,QAR,0.302866,CHF
2009-06-16,QAR,0.303997,CHF
2009-06-17,QAR,0.303311,CHF
2009-06-18,QAR,0.301675,CHF
2009-06-19,QAR,0.302917,CHF
2009-06-22,QAR,0.303061,CHF
2009-06-23,QAR,0.303707,CHF
2009-06-24,QAR,0.297907,CHF
2009-06-25,QAR,0.30623,CHF
2009-06-26,QAR,0.305161,CHF
2009-06-29,QAR,0.303738,CHF
2009-06-30,QAR,0.302226,CHF
2009-07-01,QAR,0.303014,CHF
2009-07-02,QAR,0.301005,CHF
2009-07-03,QAR,0.302754,CHF
2009-07-06,QAR,0.304419,CHF
2009-07-07,QAR,0.303562,CHF
2009-07-08,QAR,0.304804,CHF
2009-07-09,QAR,0.304054,CHF
2009-07-10,QAR,0.304286,CHF
2009-07-13,QAR,0.304059,CHF
2009-07-14,QAR,0.302794,CHF
2009-07-15,QAR,0.301871,CHF
2009-07-16,QAR,0.300957,CHF
2009-07-17,QAR,0.300969,CHF
2009-07-20,QAR,0.299563,CHF
2009-07-21,QAR,0.298857,CHF
2009-07-22,QAR,0.298738,CHF
2009-07-23,QAR,0.297707,CHF
2009-07-24,QAR,0.299755,CHF
2009-07-27,QAR,0.298615,CHF
2009-07-28,QAR,0.298025,CHF
2009-07-29,QAR,0.300316,CHF
2009-07-30,QAR,0.303465,CHF
2009-07-31,QAR,0.303436,CHF
2009-08-03,QAR,0.299441,CHF
2009-08-04,QAR,0.296425,CHF
2009-08-05,QAR,0.296882,CHF
2009-08-06,QAR,0.296626,CHF
2009-08-07,QAR,0.297625,CHF
2009-08-10,QAR,0.302075,CHF
2009-08-11,QAR,0.30227,CHF
2009-08-12,QAR,0.302602,CHF
2009-08-13,QAR,0.300155,CHF
2009-08-14,QAR,0.299384,CHF
2009-08-17,QAR,0.30120,CHF
2009-08-18,QAR,0.300703,CHF
2009-08-19,QAR,0.300716,CHF
2009-08-20,QAR,0.297251,CHF
2009-08-21,QAR,0.296698,CHF
2009-08-24,QAR,0.295658,CHF
2009-08-25,QAR,0.296771,CHF
2009-08-26,QAR,0.296134,CHF
2009-08-27,QAR,0.298578,CHF
2009-08-28,QAR,0.296226,CHF
2009-08-31,QAR,0.296537,CHF
2009-09-01,QAR,0.294417,CHF
2009-09-02,QAR,0.297375,CHF
2009-09-03,QAR,0.29576,CHF
2009-09-04,QAR,0.296824,CHF
2009-09-07,QAR,0.295841,CHF
2009-09-08,QAR,0.296105,CHF
2009-09-09,QAR,0.292551,CHF
2009-09-10,QAR,0.290507,CHF
2009-09-11,QAR,0.289568,CHF
2009-09-14,QAR,0.290141,CHF
2009-09-15,QAR,0.289419,CHF
2009-09-16,QAR,0.288424,CHF
2009-09-17,QAR,0.287994,CHF
2009-09-18,QAR,0.288284,CHF
2009-09-21,QAR,0.288949,CHF
2009-09-22,QAR,0.286293,CHF
2009-09-23,QAR,0.285593,CHF
2009-09-24,QAR,0.28636,CHF
2009-09-25,QAR,0.287644,CHF
2009-09-28,QAR,0.288216,CHF
2009-09-29,QAR,0.288845,CHF
2009-09-30,QAR,0.288784,CHF
2009-10-01,QAR,0.290201,CHF
2009-10-02,QAR,0.290584,CHF
2009-10-05,QAR,0.287684,CHF
2009-10-06,QAR,0.286154,CHF
2009-10-07,QAR,0.286967,CHF
2009-10-08,QAR,0.287018,CHF
2009-10-09,QAR,0.287631,CHF
2009-10-12,QAR,0.288552,CHF
2009-10-13,QAR,0.287036,CHF
2009-10-14,QAR,0.285088,CHF
2009-10-15,QAR,0.283075,CHF
2009-10-16,QAR,0.28399,CHF
2009-10-19,QAR,0.28473,CHF
2009-10-20,QAR,0.282613,CHF
2009-10-21,QAR,0.283075,CHF
2009-10-22,QAR,0.281531,CHF
2009-10-23,QAR,0.281231,CHF
2009-10-26,QAR,0.281501,CHF
2009-10-27,QAR,0.284274,CHF
2009-10-28,QAR,0.285704,CHF
2009-10-29,QAR,0.286726,CHF
2009-10-30,QAR,0.284627,CHF
2009-11-02,QAR,0.284864,CHF
2009-11-03,QAR,0.285399,CHF
2009-11-04,QAR,0.28656,CHF
2009-11-05,QAR,0.284456,CHF
2009-11-06,QAR,0.283429,CHF
2009-11-09,QAR,0.281475,CHF
2009-11-10,QAR,0.281795,CHF
2009-11-11,QAR,0.280122,CHF
2009-11-12,QAR,0.28198,CHF
2009-11-13,QAR,0.282909,CHF
2009-11-16,QAR,0.282167,CHF
2009-11-17,QAR,0.281582,CHF
2009-11-18,QAR,0.283236,CHF
2009-11-19,QAR,0.283429,CHF
2009-11-20,QAR,0.283241,CHF
2009-11-23,QAR,0.283265,CHF
2009-11-24,QAR,0.282985,CHF
2009-11-25,QAR,0.280785,CHF
2009-11-26,QAR,0.279786,CHF
2009-11-27,QAR,0.283775,CHF
2009-11-30,QAR,0.279012,CHF
2009-12-01,QAR,0.279742,CHF
2009-12-02,QAR,0.278695,CHF
2009-12-03,QAR,0.278632,CHF
2009-12-04,QAR,0.279425,CHF
2009-12-07,QAR,0.283569,CHF
2009-12-08,QAR,0.284892,CHF
2009-12-09,QAR,0.286355,CHF
2009-12-10,QAR,0.286447,CHF
2009-12-11,QAR,0.28618,CHF
2009-12-14,QAR,0.288389,CHF
2009-12-15,QAR,0.288924,CHF
2009-12-16,QAR,0.290872,CHF
2009-12-17,QAR,0.292463,CHF
2009-12-18,QAR,0.290886,CHF
2009-12-21,QAR,0.291183,CHF
2009-12-22,QAR,0.292557,CHF
2009-12-23,QAR,0.292959,CHF
2009-12-24,QAR,0.290131,CHF
2009-12-28,QAR,0.289672,CHF
2009-12-29,QAR,0.287714,CHF
2009-12-30,QAR,0.290302,CHF
2009-12-31,QAR,0.289349,CHF
2010-01-04,QAR,0.290059,CHF
2010-01-05,QAR,0.287359,CHF
2010-01-06,QAR,0.289401,CHF
2010-01-07,QAR,0.287322,CHF
2010-01-08,QAR,0.288752,CHF
2010-01-11,QAR,0.283305,CHF
2010-01-12,QAR,0.283754,CHF
2010-01-13,QAR,0.283989,CHF
2010-01-14,QAR,0.284664,CHF
2010-01-15,QAR,0.286303,CHF
2010-01-18,QAR,0.286194,CHF
2010-01-19,QAR,0.285574,CHF
2010-01-20,QAR,0.289811,CHF
2010-01-21,QAR,0.291073,CHF
2010-01-22,QAR,0.290328,CHF
2010-01-25,QAR,0.290616,CHF
2010-01-26,QAR,0.291402,CHF
2010-01-27,QAR,0.29302,CHF
2010-01-28,QAR,0.293807,CHF
2010-01-29,QAR,0.293508,CHF
2010-02-01,QAR,0.296628,CHF
2010-02-02,QAR,0.295867,CHF
2010-02-03,QAR,0.293678,CHF
2010-02-04,QAR,0.295729,CHF
2010-02-05,QAR,0.300306,CHF
2010-02-08,QAR,0.300763,CHF
2010-02-09,QAR,0.299388,CHF
2010-02-10,QAR,0.297465,CHF
2010-02-11,QAR,0.29690,CHF
2010-02-12,QAR,0.299939,CHF
2010-02-15,QAR,0.301918,CHF
2010-02-16,QAR,0.299814,CHF
2010-02-17,QAR,0.297621,CHF
2010-02-18,QAR,0.301797,CHF
2010-02-19,QAR,0.304075,CHF
2010-02-22,QAR,0.299803,CHF
2010-02-23,QAR,0.301186,CHF
2010-02-24,QAR,0.302604,CHF
2010-02-25,QAR,0.303249,CHF
2010-02-26,QAR,0.301103,CHF
2010-03-01,QAR,0.300434,CHF
2010-03-02,QAR,0.30408,CHF
2010-03-03,QAR,0.299616,CHF
2010-03-04,QAR,0.299221,CHF
2010-03-05,QAR,0.299954,CHF
2010-03-08,QAR,0.298455,CHF
2010-03-09,QAR,0.300055,CHF
2010-03-10,QAR,0.30116,CHF
2010-03-11,QAR,0.299587,CHF
2010-03-12,QAR,0.297742,CHF
2010-03-15,QAR,0.296363,CHF
2010-03-16,QAR,0.296201,CHF
2010-03-17,QAR,0.294383,CHF
2010-03-18,QAR,0.29497,CHF
2010-03-19,QAR,0.29573,CHF
2010-03-22,QAR,0.296458,CHF
2010-03-23,QAR,0.296377,CHF
2010-03-24,QAR,0.29800,CHF
2010-03-25,QAR,0.299669,CHF
2010-03-26,QAR,0.298138,CHF
2010-03-29,QAR,0.297178,CHF
2010-03-30,QAR,0.297068,CHF
2010-03-31,QAR,0.297611,CHF
2010-04-01,QAR,0.293835,CHF
2010-04-06,QAR,0.298122,CHF
2010-04-07,QAR,0.298922,CHF
2010-04-08,QAR,0.300285,CHF
2010-04-09,QAR,0.299078,CHF
2010-04-12,QAR,0.295343,CHF
2010-04-13,QAR,0.294998,CHF
2010-04-14,QAR,0.293638,CHF
2010-04-15,QAR,0.294478,CHF
2010-04-16,QAR,0.295984,CHF
2010-04-19,QAR,0.296929,CHF
2010-04-20,QAR,0.29750,CHF
2010-04-21,QAR,0.29891,CHF
2010-04-22,QAR,0.298349,CHF
2010-04-23,QAR,0.301487,CHF
2010-04-26,QAR,0.299782,CHF
2010-04-27,QAR,0.299375,CHF
2010-04-28,QAR,0.303159,CHF
2010-04-29,QAR,0.303541,CHF
2010-04-30,QAR,0.30150,CHF
2010-05-03,QAR,0.301784,CHF
2010-05-04,QAR,0.303185,CHF
2010-05-05,QAR,0.308536,CHF
2010-05-06,QAR,0.311918,CHF
2010-05-07,QAR,0.310325,CHF
2010-05-10,QAR,0.306503,CHF
2010-05-11,QAR,0.309389,CHF
2010-05-12,QAR,0.309805,CHF
2010-05-14,QAR,0.312535,CHF
2010-05-17,QAR,0.319227,CHF
2010-05-18,QAR,0.31645,CHF
2010-05-19,QAR,0.320589,CHF
2010-05-20,QAR,0.321746,CHF
2010-05-21,QAR,0.321008,CHF
2010-05-25,QAR,0.32370,CHF
2010-05-26,QAR,0.323555,CHF
2010-05-27,QAR,0.322202,CHF
2010-05-28,QAR,0.323119,CHF
2010-05-31,QAR,0.32279,CHF
2010-06-01,QAR,0.324286,CHF
2010-06-02,QAR,0.322655,CHF
2010-06-03,QAR,0.321601,CHF
2010-06-04,QAR,0.321747,CHF
2010-06-07,QAR,0.325089,CHF
2010-06-08,QAR,0.323664,CHF
2010-06-09,QAR,0.321248,CHF
2010-06-10,QAR,0.319755,CHF
2010-06-11,QAR,0.318776,CHF
2010-06-14,QAR,0.318659,CHF
2010-06-15,QAR,0.318234,CHF
2010-06-16,QAR,0.314757,CHF
2010-06-17,QAR,0.31166,CHF
2010-06-18,QAR,0.309558,CHF
2010-06-21,QAR,0.307654,CHF
2010-06-22,QAR,0.309212,CHF
2010-06-23,QAR,0.309153,CHF
2010-06-24,QAR,0.308743,CHF
2010-06-25,QAR,0.306235,CHF
2010-06-28,QAR,0.3032919,CHF
2010-06-29,QAR,0.3016102,CHF
2010-06-30,QAR,0.3002144,CHF
2010-07-01,QAR,0.2982813,CHF
2010-07-02,QAR,0.294714,CHF
2010-07-05,QAR,0.2959886,CHF
2010-07-06,QAR,0.2952452,CHF
2010-07-07,QAR,0.2950564,CHF
2010-07-08,QAR,0.2915547,CHF
2010-07-09,QAR,0.2918748,CHF
2010-07-12,QAR,0.2935242,CHF
2010-07-13,QAR,0.294717,CHF
2010-07-14,QAR,0.2935393,CHF
2010-07-15,QAR,0.2923071,CHF
2010-07-16,QAR,0.2897741,CHF
2010-07-19,QAR,0.2910679,CHF
2010-07-20,QAR,0.2930818,CHF
2010-07-21,QAR,0.2924324,CHF
2010-07-22,QAR,0.2914476,CHF
2010-07-23,QAR,0.2899326,CHF
2010-07-26,QAR,0.289889,CHF
2010-07-27,QAR,0.288578,CHF
2010-07-28,QAR,0.2948978,CHF
2010-07-29,QAR,0.293704,CHF
2010-07-30,QAR,0.2887337,CHF
2010-08-02,QAR,0.288865,CHF
2010-08-03,QAR,0.2886035,CHF
2010-08-04,QAR,0.2886186,CHF
2010-08-05,QAR,0.2925303,CHF
2010-08-06,QAR,0.2907295,CHF
2010-08-09,QAR,0.2885045,CHF
2010-08-10,QAR,0.2917011,CHF
2010-08-11,QAR,0.2920385,CHF
2010-08-12,QAR,0.2938433,CHF
2010-08-13,QAR,0.2915779,CHF
2010-08-16,QAR,0.2917193,CHF
2010-08-17,QAR,0.2883691,CHF
2010-08-18,QAR,0.2897892,CHF
2010-08-19,QAR,0.2897811,CHF
2010-08-20,QAR,0.2866996,CHF
2010-08-23,QAR,0.2870329,CHF
2010-08-24,QAR,0.2891347,CHF
2010-08-25,QAR,0.2863108,CHF
2010-08-26,QAR,0.2860098,CHF
2010-08-27,QAR,0.2844736,CHF
2010-08-30,QAR,0.2862057,CHF
2010-08-31,QAR,0.284215,CHF
2010-09-01,QAR,0.2825233,CHF
2010-09-02,QAR,0.2827101,CHF
2010-09-03,QAR,0.2814001,CHF
2010-09-06,QAR,0.2818953,CHF
2010-09-07,QAR,0.2808332,CHF
2010-09-08,QAR,0.2811326,CHF
2010-09-09,QAR,0.280827,CHF
2010-09-10,QAR,0.2836661,CHF
2010-09-13,QAR,0.2824878,CHF
2010-09-14,QAR,0.2801093,CHF
2010-09-15,QAR,0.2773507,CHF
2010-09-16,QAR,0.2781143,CHF
2010-09-17,QAR,0.2822059,CHF
2010-09-20,QAR,0.2804445,CHF
2010-09-21,QAR,0.27868,CHF
2010-09-22,QAR,0.2768249,CHF
2010-09-23,QAR,0.2740945,CHF
2010-09-24,QAR,0.2735949,CHF
2010-09-27,QAR,0.273832,CHF
2010-09-28,QAR,0.2738154,CHF
2010-09-29,QAR,0.2711394,CHF
2010-09-30,QAR,0.2712675,CHF
2010-10-01,QAR,0.2724185,CHF
2010-10-04,QAR,0.2714108,CHF
2010-10-05,QAR,0.2700514,CHF
2010-10-06,QAR,0.2683433,CHF
2010-10-07,QAR,0.2672533,CHF
2010-10-08,QAR,0.268735,CHF
2010-10-11,QAR,0.2714108,CHF
2010-10-12,QAR,0.2678991,CHF
2010-10-13,QAR,0.2656199,CHF
2010-10-14,QAR,0.2648525,CHF
2010-10-15,QAR,0.2653213,CHF
2010-10-18,QAR,0.2667075,CHF
2010-10-19,QAR,0.2667244,CHF
2010-10-20,QAR,0.269078,CHF
2010-10-21,QAR,0.2676958,CHF
2010-10-22,QAR,0.2695963,CHF
2010-10-25,QAR,0.2704584,CHF
2010-10-26,QAR,0.2698664,CHF
2010-10-27,QAR,0.2736452,CHF
2010-10-28,QAR,0.2745965,CHF
2010-10-29,QAR,0.2732993,CHF
2010-11-01,QAR,0.2731132,CHF
2010-11-02,QAR,0.27550,CHF
2010-11-03,QAR,0.2721986,CHF
2010-11-04,QAR,0.2704886,CHF
2010-11-05,QAR,0.2664649,CHF
2010-11-08,QAR,0.2683646,CHF
2010-11-09,QAR,0.2682821,CHF
2010-11-10,QAR,0.2693593,CHF
2010-11-11,QAR,0.2692519,CHF
2010-11-12,QAR,0.271488,CHF
2010-11-15,QAR,0.2718718,CHF
2010-11-16,QAR,0.2732882,CHF
2010-11-17,QAR,0.2771574,CHF
2010-11-18,QAR,0.2752274,CHF
2010-11-19,QAR,0.2767774,CHF
2010-11-22,QAR,0.2755429,CHF
2010-11-23,QAR,0.2750733,CHF
2010-11-24,QAR,0.2764444,CHF
2010-11-25,QAR,0.2767881,CHF
2010-11-26,QAR,0.2779597,CHF
2010-11-29,QAR,0.2778438,CHF
2010-11-30,QAR,0.2774655,CHF
2010-12-01,QAR,0.2785632,CHF
2010-12-02,QAR,0.2787317,CHF
2010-12-03,QAR,0.2760929,CHF
2010-12-06,QAR,0.2714316,CHF
2010-12-07,QAR,0.2722753,CHF
2010-12-08,QAR,0.2744731,CHF
2010-12-09,QAR,0.2735098,CHF
2010-12-10,QAR,0.2730736,CHF
2010-12-13,QAR,0.272826,CHF
2010-12-14,QAR,0.2690241,CHF
2010-12-15,QAR,0.2674175,CHF
2010-12-16,QAR,0.2687006,CHF
2010-12-17,QAR,0.2670632,CHF
2010-12-20,QAR,0.2691556,CHF
2010-12-21,QAR,0.2674795,CHF
2010-12-22,QAR,0.2658099,CHF
2010-12-23,QAR,0.2639681,CHF
2010-12-24,QAR,0.26575,CHF
2010-12-27,QAR,0.266971,CHF
2010-12-28,QAR,0.2655281,CHF
2010-12-29,QAR,0.2643229,CHF
2010-12-30,QAR,0.2620472,CHF
2010-12-31,QAR,0.2604964,CHF
2011-01-03,QAR,0.2599799,CHF
2011-01-04,QAR,0.2596191,CHF
2011-01-05,QAR,0.2633938,CHF
2011-01-06,QAR,0.2688208,CHF
2011-01-07,QAR,0.267766,CHF
2011-01-10,QAR,0.267544,CHF
2011-01-11,QAR,0.2689558,CHF
2011-01-12,QAR,0.2702774,CHF
2011-01-13,QAR,0.2689835,CHF
2011-01-14,QAR,0.2680703,CHF
2011-01-17,QAR,0.2679688,CHF
2011-01-18,QAR,0.2675815,CHF
2011-01-19,QAR,0.2666118,CHF
2011-01-21,QAR,0.2683381,CHF
2011-01-24,QAR,0.2662291,CHF
2011-01-25,QAR,0.2631223,CHF
2011-01-26,QAR,0.2614819,CHF
2011-01-27,QAR,0.2617069,CHF
2011-01-28,QAR,0.2633161,CHF
2011-01-31,QAR,0.2614477,CHF
2011-02-01,QAR,0.2616155,CHF
2011-02-02,QAR,0.2598554,CHF
2011-02-03,QAR,0.2609916,CHF
2011-02-04,QAR,0.262925,CHF
2011-02-07,QAR,0.2646678,CHF
2011-02-08,QAR,0.2649394,CHF
2011-02-09,QAR,0.2674166,CHF
2011-02-10,QAR,0.2665625,CHF
2011-02-11,QAR,0.2687968,CHF
2011-02-14,QAR,0.2697884,CHF
2011-02-15,QAR,0.2689763,CHF
2011-02-16,QAR,0.2681308,CHF
2011-02-17,QAR,0.2659574,CHF
2011-02-18,QAR,0.2640808,CHF
2011-02-21,QAR,0.2623535,CHF
2011-02-22,QAR,0.2633637,CHF
2011-02-23,QAR,0.2601435,CHF
2011-02-24,QAR,0.2578003,CHF
2011-02-25,QAR,0.2566762,CHF
2011-02-28,QAR,0.2572589,CHF
2011-03-01,QAR,0.2581959,CHF
2011-03-02,QAR,0.2576338,CHF
2011-03-03,QAR,0.2563833,CHF
2011-03-04,QAR,0.2589053,CHF
2011-03-07,QAR,0.2570732,CHF
2011-03-08,QAR,0.2572877,CHF
2011-03-09,QAR,0.2599871,CHF
2011-03-10,QAR,0.2576899,CHF
2011-03-11,QAR,0.2583902,CHF
2011-03-14,QAR,0.2582423,CHF
2011-03-15,QAR,0.2562811,CHF
2011-03-16,QAR,0.2547548,CHF
2011-03-17,QAR,0.2501132,CHF
2011-03-18,QAR,0.2515079,CHF
2011-03-21,QAR,0.2510084,CHF
2011-03-22,QAR,0.2509806,CHF
2011-03-23,QAR,0.2508281,CHF
2011-03-24,QAR,0.2522156,CHF
2011-03-25,QAR,0.2520768,CHF
2011-03-28,QAR,0.2557194,CHF
2011-03-29,QAR,0.2544355,CHF
2011-03-30,QAR,0.2560173,CHF
2011-03-31,QAR,0.2549213,CHF
2011-04-01,QAR,0.2554071,CHF
2011-04-04,QAR,0.2566767,CHF
2011-04-05,QAR,0.2564894,CHF
2011-04-06,QAR,0.2573775,CHF
2011-04-07,QAR,0.2551573,CHF
2011-04-08,QAR,0.2536032,CHF
2011-04-11,QAR,0.2518825,CHF
2011-04-12,QAR,0.251751,CHF
2011-04-13,QAR,0.2493913,CHF
2011-04-14,QAR,0.2487601,CHF
2011-04-15,QAR,0.2478511,CHF
2011-04-18,QAR,0.2482674,CHF
2011-04-19,QAR,0.2488643,CHF
2011-04-20,QAR,0.2491137,CHF
2011-04-21,QAR,0.2461865,CHF
2011-04-22,QAR,0.2463327,CHF
2011-04-25,QAR,0.246221,CHF
2011-04-26,QAR,0.2451807,CHF
2011-04-27,QAR,0.2420858,CHF
2011-04-28,QAR,0.2419393,CHF
2011-04-29,QAR,0.24235,CHF
2011-05-02,QAR,0.2403731,CHF
2011-05-03,QAR,0.240463,CHF
2011-05-04,QAR,0.2398247,CHF
2011-05-05,QAR,0.2388469,CHF
2011-05-06,QAR,0.2411539,CHF
2011-05-09,QAR,0.2432381,CHF
2011-05-10,QAR,0.2422668,CHF
2011-05-11,QAR,0.2442926,CHF
2011-05-12,QAR,0.2459712,CHF
2011-05-13,QAR,0.2462352,CHF
2011-05-16,QAR,0.2479003,CHF
2011-05-17,QAR,0.2458542,CHF
2011-05-18,QAR,0.244349,CHF
2011-05-19,QAR,0.2444314,CHF
2011-05-20,QAR,0.2449519,CHF
2011-05-23,QAR,0.2436094,CHF
2011-05-24,QAR,0.2458151,CHF
2011-05-25,QAR,0.2442515,CHF
2011-05-26,QAR,0.2417673,CHF
2011-05-27,QAR,0.2394084,CHF
2011-05-30,QAR,0.2363346,CHF
2011-05-31,QAR,0.2354271,CHF
2011-06-01,QAR,0.2366888,CHF
2011-06-02,QAR,0.2340396,CHF
2011-06-03,QAR,0.2342061,CHF
2011-06-06,QAR,0.2315641,CHF
2011-06-07,QAR,0.2318797,CHF
2011-06-08,QAR,0.2322487,CHF
2011-06-09,QAR,0.2322487,CHF
2011-06-10,QAR,0.2333587,CHF
2011-06-13,QAR,0.2343429,CHF
2011-06-14,QAR,0.2320822,CHF
2011-06-15,QAR,0.2344132,CHF
2011-06-16,QAR,0.2367508,CHF
2011-06-17,QAR,0.2356047,CHF
2011-06-20,QAR,0.2357453,CHF
2011-06-21,QAR,0.2338582,CHF
2011-06-22,QAR,0.2337259,CHF
2011-06-23,QAR,0.2340247,CHF
2011-06-24,QAR,0.2326372,CHF
2011-06-27,QAR,0.2323874,CHF
2011-06-28,QAR,0.2318793,CHF
2011-06-29,QAR,0.2309166,CHF
2011-06-30,QAR,0.2311386,CHF
2011-07-01,QAR,0.2335252,CHF
2011-07-04,QAR,0.2351671,CHF
2011-07-05,QAR,0.2360228,CHF
2011-07-06,QAR,0.2331922,CHF
2011-07-07,QAR,0.2333309,CHF
2011-07-08,QAR,0.2343622,CHF
2011-07-11,QAR,0.2324471,CHF
2011-07-12,QAR,0.2320435,CHF
2011-07-13,QAR,0.230846,CHF
2011-07-14,QAR,0.2255113,CHF
2011-07-15,QAR,0.2259831,CHF
2011-07-18,QAR,0.2257673,CHF
2011-07-19,QAR,0.2269058,CHF
2011-07-20,QAR,0.2289929,CHF
2011-07-21,QAR,0.2283519,CHF
2011-07-22,QAR,0.2270099,CHF
2011-07-25,QAR,0.2257951,CHF
2011-07-26,QAR,0.2224525,CHF
2011-07-27,QAR,0.2226064,CHF
2011-07-28,QAR,0.2225292,CHF
2011-07-29,QAR,0.2228745,CHF
2011-08-01,QAR,0.2202168,CHF
2011-08-02,QAR,0.2174018,CHF
2011-08-03,QAR,0.2129632,CHF
2011-08-04,QAR,0.2150212,CHF
2011-08-05,QAR,0.2126579,CHF
2011-08-08,QAR,0.2112701,CHF
2011-08-09,QAR,0.2086057,CHF
2011-08-10,QAR,0.2010563,CHF
2011-08-11,QAR,0.2014171,CHF
2011-08-12,QAR,0.2116193,CHF
2011-08-15,QAR,0.2188352,CHF
2011-08-16,QAR,0.2176636,CHF
2011-08-17,QAR,0.2204943,CHF
2011-08-18,QAR,0.2193287,CHF
2011-08-19,QAR,0.2204666,CHF
2011-08-22,QAR,0.2183019,CHF
2011-08-23,QAR,0.2189679,CHF
2011-08-24,QAR,0.220399,CHF
2011-08-25,QAR,0.2208985,CHF
2011-08-26,QAR,0.2202324,CHF
2011-08-29,QAR,0.2251074,CHF
2011-08-30,QAR,0.2269205,CHF
2011-08-31,QAR,0.22742,CHF
2011-09-01,QAR,0.2239511,CHF
2011-09-02,QAR,0.2205932,CHF
2011-09-05,QAR,0.2190669,CHF
2011-09-06,QAR,0.2177626,CHF
2011-09-07,QAR,0.2385073,CHF
2011-09-08,QAR,0.2383196,CHF
2011-09-09,QAR,0.2420792,CHF
2011-09-12,QAR,0.2462697,CHF
2011-09-13,QAR,0.2444936,CHF
2011-09-14,QAR,0.2445146,CHF
2011-09-15,QAR,0.2436649,CHF
2011-09-16,QAR,0.2418783,CHF
2011-09-19,QAR,0.2450637,CHF
2011-09-20,QAR,0.2454403,CHF
2011-09-21,QAR,0.2462217,CHF
2011-09-22,QAR,0.249933,CHF
2011-09-23,QAR,0.2515981,CHF
2011-09-26,QAR,0.2525139,CHF
2011-09-27,QAR,0.2501272,CHF
2011-09-28,QAR,0.2492251,CHF
2011-09-29,QAR,0.2497942,CHF
2011-09-30,QAR,0.2493433,CHF
2011-10-03,QAR,0.2525902,CHF
2011-10-04,QAR,0.2552891,CHF
2011-10-05,QAR,0.2557124,CHF
2011-10-06,QAR,0.2565172,CHF
2011-10-07,QAR,0.2553643,CHF
2011-10-10,QAR,0.2562397,CHF
2011-10-11,QAR,0.2506823,CHF
2011-10-12,QAR,0.2528747,CHF
2011-10-13,QAR,0.2491559,CHF
2011-10-14,QAR,0.2496832,CHF
2011-10-17,QAR,0.2481291,CHF
2011-10-18,QAR,0.2486286,CHF
2011-10-19,QAR,0.2493015,CHF
2011-10-20,QAR,0.2507307,CHF
2011-10-21,QAR,0.2462975,CHF
2011-10-24,QAR,0.2454717,CHF
2011-10-25,QAR,0.2443231,CHF
2011-10-26,QAR,0.2437022,CHF
2011-10-27,QAR,0.2434985,CHF
2011-10-28,QAR,0.2387555,CHF
2011-10-31,QAR,0.2418361,CHF
2011-11-01,QAR,0.2440008,CHF
2011-11-02,QAR,0.2460822,CHF
2011-11-03,QAR,0.2462277,CHF
2011-11-04,QAR,0.2442371,CHF
2011-11-07,QAR,0.2477123,CHF
2011-11-08,QAR,0.2510153,CHF
2011-11-09,QAR,0.2484548,CHF
2011-11-10,QAR,0.2526873,CHF
2011-11-11,QAR,0.2515148,CHF
2011-11-14,QAR,0.2499896,CHF
2011-11-15,QAR,0.2524237,CHF
2011-11-16,QAR,0.2553863,CHF
2011-11-17,QAR,0.2552894,CHF
2011-11-18,QAR,0.254955,CHF
2011-11-21,QAR,0.254512,CHF
2011-11-22,QAR,0.2545537,CHF
2011-11-23,QAR,0.2542832,CHF
2011-11-24,QAR,0.2549841,CHF
2011-11-25,QAR,0.2557197,CHF
2011-11-28,QAR,0.2571767,CHF
2011-11-29,QAR,0.2562111,CHF
2011-11-30,QAR,0.2553171,CHF
2011-12-01,QAR,0.2538946,CHF
2011-12-02,QAR,0.2543663,CHF
2011-12-05,QAR,0.2556709,CHF
2011-12-06,QAR,0.2561357,CHF
2011-12-07,QAR,0.256989,CHF
2011-12-08,QAR,0.2566282,CHF
2011-12-09,QAR,0.2568295,CHF
2011-12-12,QAR,0.25726,CHF
2011-12-13,QAR,0.2602781,CHF
2011-12-14,QAR,0.2624213,CHF
2011-12-15,QAR,0.2645582,CHF
2011-12-16,QAR,0.2606729,CHF
2011-12-19,QAR,0.260432,CHF
2011-12-20,QAR,0.2604284,CHF
2011-12-21,QAR,0.2580389,CHF
2011-12-22,QAR,0.2599602,CHF
2011-12-23,QAR,0.2593772,CHF
2011-12-26,QAR,0.2600855,CHF
2011-12-27,QAR,0.2599244,CHF
2011-12-28,QAR,0.2593131,CHF
2011-12-29,QAR,0.261637,CHF
2011-12-30,QAR,0.2613122,CHF
2012-01-02,QAR,0.2604474,CHF
2012-01-03,QAR,0.2606326,CHF
2012-01-04,QAR,0.2592932,CHF
2012-01-05,QAR,0.2615486,CHF
2012-01-06,QAR,0.2643084,CHF
2012-01-09,QAR,0.265509,CHF
2012-01-10,QAR,0.2633648,CHF
2012-01-11,QAR,0.2634409,CHF
2012-01-12,QAR,0.2644749,CHF
2012-01-13,QAR,0.262227,CHF
2012-01-16,QAR,0.2650723,CHF
2012-01-17,QAR,0.2639476,CHF
2012-01-18,QAR,0.2628376,CHF
2012-01-19,QAR,0.2605771,CHF
2012-01-20,QAR,0.2588413,CHF
2012-01-23,QAR,0.2601465,CHF
2012-01-24,QAR,0.2577176,CHF
2012-01-25,QAR,0.257704,CHF
2012-01-26,QAR,0.2559066,CHF
2012-01-27,QAR,0.2556709,CHF
2012-01-30,QAR,0.2538461,CHF
2012-01-31,QAR,0.2536517,CHF
2012-02-01,QAR,0.2556709,CHF
2012-02-02,QAR,0.253846,CHF
2012-02-03,QAR,0.2546785,CHF
2012-02-06,QAR,0.2558163,CHF
2012-02-07,QAR,0.2553797,CHF
2012-02-08,QAR,0.2531938,CHF
2012-02-09,QAR,0.2534644,CHF
2012-02-10,QAR,0.2532354,CHF
2012-02-13,QAR,0.2537002,CHF
2012-02-14,QAR,0.2548798,CHF
2012-02-15,QAR,0.2547133,CHF
2012-02-16,QAR,0.2571207,CHF
2012-02-17,QAR,0.2550741,CHF
2012-02-20,QAR,0.2540847,CHF
2012-02-21,QAR,0.2530509,CHF
2012-02-22,QAR,0.2537005,CHF
2012-02-23,QAR,0.2523862,CHF
2012-02-24,QAR,0.2503988,CHF
2012-02-27,QAR,0.2487529,CHF
2012-02-28,QAR,0.249476,CHF
2012-02-29,QAR,0.24815,CHF
2012-03-01,QAR,0.2511188,CHF
2012-03-02,QAR,0.2516727,CHF
2012-03-05,QAR,0.2537839,CHF
2012-03-06,QAR,0.2533496,CHF
2012-03-07,QAR,0.2545779,CHF
2012-03-08,QAR,0.2543942,CHF
2012-03-09,QAR,0.2522349,CHF
2012-03-12,QAR,0.2555501,CHF
2012-03-13,QAR,0.2538877,CHF
2012-03-14,QAR,0.2566191,CHF
2012-03-15,QAR,0.2583334,CHF
2012-03-16,QAR,0.2560844,CHF
2012-03-19,QAR,0.2544262,CHF
2012-03-20,QAR,0.2532355,CHF
2012-03-21,QAR,0.2521281,CHF
2012-03-22,QAR,0.2531106,CHF
2012-03-23,QAR,0.2534642,CHF
2012-03-26,QAR,0.252271,CHF
2012-03-27,QAR,0.250818,CHF
2012-03-28,QAR,0.2512372,CHF
2012-03-29,QAR,0.2511365,CHF
2012-03-30,QAR,0.2505669,CHF
2012-04-02,QAR,0.2506348,CHF
2012-04-03,QAR,0.2503559,CHF
2012-04-04,QAR,0.2534923,CHF
2012-04-05,QAR,0.2541501,CHF
2012-04-06,QAR,0.2553031,CHF
2012-04-09,QAR,0.2555808,CHF
2012-04-10,QAR,0.2539999,CHF
2012-04-11,QAR,0.2548901,CHF
2012-04-12,QAR,0.2545838,CHF
2012-04-13,QAR,0.2530066,CHF
2012-04-16,QAR,0.2563206,CHF
2012-04-17,QAR,0.2543707,CHF
2012-04-18,QAR,0.2542596,CHF
2012-04-19,QAR,0.2543443,CHF
2012-04-20,QAR,0.2540723,CHF
2012-04-23,QAR,0.253076,CHF
2012-04-24,QAR,0.2536421,CHF
2012-04-25,QAR,0.2528067,CHF
2012-04-26,QAR,0.2523654,CHF
2012-04-27,QAR,0.2527706,CHF
2012-04-30,QAR,0.2519171,CHF
2012-05-01,QAR,0.2518547,CHF
2012-05-02,QAR,0.2522752,CHF
2012-05-03,QAR,0.2538017,CHF
2012-05-04,QAR,0.2534783,CHF
2012-05-07,QAR,0.2568653,CHF
2012-05-08,QAR,0.255825,CHF
2012-05-09,QAR,0.2569713,CHF
2012-05-10,QAR,0.2575209,CHF
2012-05-11,QAR,0.2580612,CHF
2012-05-14,QAR,0.2587723,CHF
2012-05-15,QAR,0.2599792,CHF
2012-05-16,QAR,0.2619916,CHF
2012-05-18,QAR,0.2619916,CHF
2012-05-21,QAR,0.2602404,CHF
2012-05-22,QAR,0.2602404,CHF
2012-05-23,QAR,0.2630046,CHF
2012-05-24,QAR,0.2650677,CHF
2012-05-25,QAR,0.266491,CHF
2012-05-28,QAR,0.2649477,CHF
2012-05-29,QAR,0.2663383,CHF
2012-05-30,QAR,0.2675079,CHF
2012-05-31,QAR,0.2693407,CHF
2012-06-01,QAR,0.2701365,CHF
2012-06-04,QAR,0.2690733,CHF
2012-06-05,QAR,0.2661057,CHF
2012-06-06,QAR,0.2668516,CHF
2012-06-07,QAR,0.2650761,CHF
2012-06-08,QAR,0.2661877,CHF
2012-06-11,QAR,0.2640135,CHF
2012-06-12,QAR,0.2670134,CHF
2012-06-13,QAR,0.2671183,CHF
2012-06-14,QAR,0.2654737,CHF
2012-06-15,QAR,0.2641289,CHF
2012-06-18,QAR,0.2629553,CHF
2012-06-19,QAR,0.2644179,CHF
2012-06-20,QAR,0.2631628,CHF
2012-06-21,QAR,0.2632589,CHF
2012-06-22,QAR,0.2655163,CHF
2012-06-25,QAR,0.2658938,CHF
2012-06-26,QAR,0.2662949,CHF
2012-06-27,QAR,0.2668501,CHF
2012-06-28,QAR,0.2668808,CHF
2012-06-29,QAR,0.2677162,CHF
2012-07-02,QAR,0.2643242,CHF
2012-07-03,QAR,0.2651205,CHF
2012-07-04,QAR,0.2648589,CHF
2012-07-05,QAR,0.2661387,CHF
2012-07-06,QAR,0.269399,CHF
2012-07-09,QAR,0.271289,CHF
2012-07-10,QAR,0.2709615,CHF
2012-07-11,QAR,0.2719431,CHF
2012-07-12,QAR,0.2726459,CHF
2012-07-13,QAR,0.2731377,CHF
2012-07-16,QAR,0.2723843,CHF
2012-07-17,QAR,0.2711235,CHF
2012-07-18,QAR,0.2711662,CHF
2012-07-19,QAR,0.2713255,CHF
2012-07-20,QAR,0.2719323,CHF
2012-07-23,QAR,0.2747358,CHF
2012-07-24,QAR,0.274905,CHF
2012-07-25,QAR,0.27631,CHF
2012-07-26,QAR,0.2745332,CHF
2012-07-27,QAR,0.2716466,CHF
2012-07-30,QAR,0.2715111,CHF
2012-07-31,QAR,0.2715695,CHF
2012-08-01,QAR,0.2711847,CHF
2012-08-02,QAR,0.2725984,CHF
2012-08-03,QAR,0.2738059,CHF
2012-08-06,QAR,0.2692834,CHF
2012-08-07,QAR,0.2688275,CHF
2012-08-08,QAR,0.2688968,CHF
2012-08-09,QAR,0.2692705,CHF
2012-08-10,QAR,0.271033,CHF
2012-08-13,QAR,0.2712327,CHF
2012-08-14,QAR,0.2700522,CHF
2012-08-15,QAR,0.2704759,CHF
2012-08-16,QAR,0.2710923,CHF
2012-08-17,QAR,0.2697635,CHF
2012-08-20,QAR,0.2704535,CHF
2012-08-21,QAR,0.2697681,CHF
2012-08-22,QAR,0.2674738,CHF
2012-08-23,QAR,0.2657734,CHF
2012-08-24,QAR,0.2653098,CHF
2012-08-27,QAR,0.2664846,CHF
2012-08-28,QAR,0.2671969,CHF
2012-08-29,QAR,0.2653442,CHF
2012-08-30,QAR,0.2659066,CHF
2012-08-31,QAR,0.2662152,CHF
2012-09-03,QAR,0.2653005,CHF
2012-09-04,QAR,0.2641502,CHF
2012-09-05,QAR,0.2659677,CHF
2012-09-06,QAR,0.2649669,CHF
2012-09-07,QAR,0.2647761,CHF
2012-09-10,QAR,0.2625495,CHF
2012-09-11,QAR,0.2625012,CHF
2012-09-12,QAR,0.2605771,CHF
2012-09-13,QAR,0.2599193,CHF
2012-09-14,QAR,0.2592744,CHF
2012-09-17,QAR,0.2569895,CHF
2012-09-18,QAR,0.2571746,CHF
2012-09-19,QAR,0.2576669,CHF
2012-09-20,QAR,0.257674,CHF
2012-09-21,QAR,0.2589839,CHF
2012-09-24,QAR,0.2596992,CHF
2012-09-25,QAR,0.2594079,CHF
2012-09-26,QAR,0.2602226,CHF
2012-09-27,QAR,0.2605537,CHF
2012-09-28,QAR,0.2598502,CHF
2012-10-01,QAR,0.2619104,CHF
2012-10-02,QAR,0.2602569,CHF
2012-10-03,QAR,0.260046,CHF
2012-10-04,QAR,0.2604876,CHF
2012-10-05,QAR,0.2581749,CHF
2012-10-08,QAR,0.2586135,CHF
2012-10-09,QAR,0.2595359,CHF
2012-10-10,QAR,0.2612731,CHF
2012-10-11,QAR,0.2612423,CHF
2012-10-12,QAR,0.2593941,CHF
2012-10-15,QAR,0.2598574,CHF
2012-10-16,QAR,0.2590722,CHF
2012-10-17,QAR,0.2564423,CHF
2012-10-18,QAR,0.2561626,CHF
2012-10-19,QAR,0.2565925,CHF
2012-10-22,QAR,0.2575245,CHF
2012-10-23,QAR,0.2573318,CHF
2012-10-24,QAR,0.2586164,CHF
2012-10-25,QAR,0.2587005,CHF
2012-10-26,QAR,0.259378,CHF
2012-10-29,QAR,0.2595771,CHF
2012-10-30,QAR,0.2597512,CHF
2012-10-31,QAR,0.2585966,CHF
2012-11-01,QAR,0.2585858,CHF
2012-11-02,QAR,0.2587872,CHF
2012-11-05,QAR,0.2612107,CHF
2012-11-06,QAR,0.2621253,CHF
2012-11-07,QAR,0.2618251,CHF
2012-11-08,QAR,0.2624535,CHF
2012-11-09,QAR,0.2622497,CHF
2012-11-12,QAR,0.2631929,CHF
2012-11-13,QAR,0.263768,CHF
2012-11-14,QAR,0.26257,CHF
2012-11-15,QAR,0.2622147,CHF
2012-11-16,QAR,0.2618361,CHF
2012-11-19,QAR,0.2620665,CHF
2012-11-20,QAR,0.2614149,CHF
2012-11-21,QAR,0.2612629,CHF
2012-11-22,QAR,0.260294,CHF
2012-11-23,QAR,0.2594661,CHF
2012-11-26,QAR,0.2580867,CHF
2012-11-27,QAR,0.2575378,CHF
2012-11-28,QAR,0.2584676,CHF
2012-11-29,QAR,0.2580029,CHF
2012-11-30,QAR,0.2572436,CHF
2012-12-03,QAR,0.2567651,CHF
2012-12-04,QAR,0.2571288,CHF
2012-12-05,QAR,0.257398,CHF
2012-12-06,QAR,0.2572569,CHF
2012-12-07,QAR,0.2588514,CHF
2012-12-10,QAR,0.259748,CHF
2012-12-11,QAR,0.2592939,CHF
2012-12-12,QAR,0.2586619,CHF
2012-12-13,QAR,0.2572395,CHF
2012-12-14,QAR,0.2563859,CHF
2012-12-17,QAR,0.2551911,CHF
2012-12-18,QAR,0.2547509,CHF
2012-12-19,QAR,0.2530468,CHF
2012-12-20,QAR,0.2536312,CHF
2012-12-21,QAR,0.2538933,CHF
2012-12-24,QAR,0.2544584,CHF
2012-12-25,QAR,0.2544292,CHF
2012-12-26,QAR,0.2542319,CHF
2012-12-27,QAR,0.2532616,CHF
2012-12-28,QAR,0.2534396,CHF
2012-12-31,QAR,0.2537979,CHF
2013-01-01,QAR,0.2543251,CHF
2013-01-02,QAR,0.252382,CHF
2013-01-03,QAR,0.2556187,CHF
2013-01-04,QAR,0.2575951,CHF
2013-01-07,QAR,0.2570228,CHF
2013-01-08,QAR,0.2556916,CHF
2013-01-09,QAR,0.2567317,CHF
2013-01-10,QAR,0.2572131,CHF
2013-01-11,QAR,0.2541128,CHF
2013-01-14,QAR,0.2535425,CHF
2013-01-15,QAR,0.2566364,CHF
2013-01-16,QAR,0.2585979,CHF
2013-01-17,QAR,0.2585102,CHF
2013-01-18,QAR,0.2599594,CHF
2013-01-21,QAR,0.2592903,CHF
2013-01-22,QAR,0.2592703,CHF
2013-01-23,QAR,0.258245,CHF
2013-01-24,QAR,0.2582049,CHF
2013-01-25,QAR,0.2582798,CHF
2013-01-28,QAR,0.2576774,CHF
2013-01-29,QAR,0.2571901,CHF
2013-01-30,QAR,0.2560258,CHF
2013-01-31,QAR,0.2527568,CHF
2013-02-01,QAR,0.2525888,CHF
2013-02-04,QAR,0.2521461,CHF
2013-02-05,QAR,0.2526666,CHF
2013-02-06,QAR,0.2518227,CHF
2013-02-07,QAR,0.2528401,CHF
2013-02-08,QAR,0.2548803,CHF
2013-02-11,QAR,0.2549498,CHF
2013-02-12,QAR,0.2555869,CHF
2013-02-13,QAR,0.2545461,CHF
2013-02-14,QAR,0.2545653,CHF
2013-02-15,QAR,0.2558778,CHF
2013-02-18,QAR,0.2566291,CHF
2013-02-19,QAR,0.2565572,CHF
2013-02-20,QAR,0.2556716,CHF
2013-02-21,QAR,0.2577395,CHF
2013-02-22,QAR,0.2582391,CHF
2013-02-25,QAR,0.2586626,CHF
2013-02-26,QAR,0.2586626,CHF
2013-02-27,QAR,0.2590861,CHF
2013-02-28,QAR,0.2580035,CHF
2013-03-01,QAR,0.2599486,CHF
2013-03-04,QAR,0.26174,CHF
2013-03-05,QAR,0.2612392,CHF
2013-03-06,QAR,0.260952,CHF
2013-03-07,QAR,0.2634095,CHF
2013-03-08,QAR,0.2622591,CHF
2013-03-11,QAR,0.2641968,CHF
2013-03-12,QAR,0.2634667,CHF
2013-03-13,QAR,0.2628554,CHF
2013-03-14,QAR,0.2643012,CHF
2013-03-15,QAR,0.2627871,CHF
2013-03-18,QAR,0.2620137,CHF
2013-03-19,QAR,0.2627255,CHF
2013-03-20,QAR,0.2630419,CHF
2013-03-21,QAR,0.2622097,CHF
2013-03-22,QAR,0.2627871,CHF
2013-03-25,QAR,0.2608154,CHF
2013-03-26,QAR,0.2633572,CHF
2013-03-27,QAR,0.2634411,CHF
2013-03-28,QAR,0.2647214,CHF
2013-03-29,QAR,0.2633567,CHF
2013-04-01,QAR,0.2640552,CHF
2013-04-02,QAR,0.2623724,CHF
2013-04-03,QAR,0.2639091,CHF
2013-04-04,QAR,0.2624312,CHF
2013-04-05,QAR,0.2609916,CHF
2013-04-08,QAR,0.2595025,CHF
2013-04-09,QAR,0.2589402,CHF
2013-04-10,QAR,0.2588554,CHF
2013-04-11,QAR,0.2591305,CHF
2013-04-12,QAR,0.2579668,CHF
2013-04-15,QAR,0.2577148,CHF
2013-04-16,QAR,0.2588085,CHF
2013-04-17,QAR,0.2561685,CHF
2013-04-18,QAR,0.2589513,CHF
2013-04-19,QAR,0.2587863,CHF
2013-04-22,QAR,0.2587724,CHF
2013-04-23,QAR,0.2596794,CHF
2013-04-24,QAR,0.2625933,CHF
2013-04-25,QAR,0.2622887,CHF
2013-04-26,QAR,0.2621141,CHF
2013-04-29,QAR,0.2613758,CHF
2013-04-30,QAR,0.2602988,CHF
2013-05-01,QAR,0.2580716,CHF
2013-05-02,QAR,0.2574273,CHF
2013-05-03,QAR,0.2593864,CHF
2013-05-06,QAR,0.2596457,CHF
2013-05-07,QAR,0.2605741,CHF
2013-05-08,QAR,0.2610078,CHF
2013-05-09,QAR,0.2596302,CHF
2013-05-10,QAR,0.2636721,CHF
2013-05-13,QAR,0.2661539,CHF
2013-05-14,QAR,0.2644536,CHF
2013-05-15,QAR,0.2681145,CHF
2013-05-16,QAR,0.2681932,CHF
2013-05-17,QAR,0.2682137,CHF
2013-05-20,QAR,0.2695443,CHF
2013-05-21,QAR,0.2686322,CHF
2013-05-22,QAR,0.269066,CHF
2013-05-23,QAR,0.2720971,CHF
2013-05-24,QAR,0.2696628,CHF
2013-05-27,QAR,0.2673309,CHF
2013-05-28,QAR,0.2685098,CHF
2013-05-29,QAR,0.2706378,CHF
2013-05-30,QAR,0.266902,CHF
2013-05-31,QAR,0.264735,CHF
2013-06-03,QAR,0.2656013,CHF
2013-06-04,QAR,0.2632706,CHF
2013-06-05,QAR,0.2633046,CHF
2013-06-06,QAR,0.2619012,CHF
2013-06-07,QAR,0.2578363,CHF
2013-06-10,QAR,0.2595275,CHF
2013-06-11,QAR,0.2594665,CHF
2013-06-12,QAR,0.2568714,CHF
2013-06-13,QAR,0.2548204,CHF
2013-06-14,QAR,0.2560109,CHF
2013-06-17,QAR,0.2563378,CHF
2013-06-18,QAR,0.2562823,CHF
2013-06-19,QAR,0.2555325,CHF
2013-06-20,QAR,0.2575426,CHF
2013-06-21,QAR,0.2568682,CHF
2013-06-24,QAR,0.2599454,CHF
2013-06-25,QAR,0.2591515,CHF
2013-06-26,QAR,0.2605907,CHF
2013-06-27,QAR,0.2613763,CHF
2013-06-28,QAR,0.262112,CHF
2013-07-01,QAR,0.2622033,CHF
2013-07-02,QAR,0.2626172,CHF
2013-07-03,QAR,0.2641246,CHF
2013-07-04,QAR,0.2629162,CHF
2013-07-05,QAR,0.265607,CHF
2013-07-08,QAR,0.2677707,CHF
2013-07-09,QAR,0.2678734,CHF
2013-07-10,QAR,0.2702687,CHF
2013-07-11,QAR,0.263682,CHF
2013-07-12,QAR,0.2631162,CHF
2013-07-15,QAR,0.2628337,CHF
2013-07-16,QAR,0.2632252,CHF
2013-07-17,QAR,0.2612711,CHF
2013-07-18,QAR,0.2615484,CHF
2013-07-19,QAR,0.2620842,CHF
2013-07-22,QAR,0.2608905,CHF
2013-07-23,QAR,0.2598987,CHF
2013-07-24,QAR,0.2599181,CHF
2013-07-25,QAR,0.2601767,CHF
2013-07-26,QAR,0.2580867,CHF
2013-07-29,QAR,0.2576709,CHF
2013-07-30,QAR,0.2585311,CHF
2013-07-31,QAR,0.2579308,CHF
2013-08-01,QAR,0.25742,CHF
2013-08-02,QAR,0.2605494,CHF
2013-08-05,QAR,0.2580112,CHF
2013-08-06,QAR,0.2572463,CHF
2013-08-07,QAR,0.2570515,CHF
2013-08-08,QAR,0.2560165,CHF
2013-08-09,QAR,0.2553785,CHF
2013-08-12,QAR,0.2561611,CHF
2013-08-13,QAR,0.2573178,CHF
2013-08-14,QAR,0.2588132,CHF
2013-08-15,QAR,0.2594844,CHF
2013-08-16,QAR,0.2570735,CHF
2013-08-19,QAR,0.2569271,CHF
2013-08-20,QAR,0.2565852,CHF
2013-08-21,QAR,0.2543928,CHF
2013-08-22,QAR,0.2565608,CHF
2013-08-23,QAR,0.2565769,CHF
2013-08-26,QAR,0.255927,CHF
2013-08-27,QAR,0.2557036,CHF
2013-08-28,QAR,0.2546626,CHF
2013-08-29,QAR,0.2562907,CHF
2013-08-30,QAR,0.2581068,CHF
2013-09-02,QAR,0.2587591,CHF
2013-09-03,QAR,0.2594946,CHF
2013-09-04,QAR,0.2601822,CHF
2013-09-05,QAR,0.2598225,CHF
2013-09-06,QAR,0.2619886,CHF
2013-09-09,QAR,0.2606738,CHF
2013-09-10,QAR,0.2588982,CHF
2013-09-11,QAR,0.2595438,CHF
2013-09-12,QAR,0.2582089,CHF
2013-09-13,QAR,0.2589048,CHF
2013-09-16,QAR,0.256568,CHF
2013-09-17,QAR,0.2574871,CHF
2013-09-18,QAR,0.2573927,CHF
2013-09-19,QAR,0.2534328,CHF
2013-09-20,QAR,0.2527469,CHF
2013-09-23,QAR,0.253151,CHF
2013-09-24,QAR,0.2529511,CHF
2013-09-25,QAR,0.253473,CHF
2013-09-26,QAR,0.2527706,CHF
2013-09-27,QAR,0.2528525,CHF
2013-09-30,QAR,0.2513522,CHF
2013-10-01,QAR,0.2515618,CHF
2013-10-02,QAR,0.2518037,CHF
2013-10-03,QAR,0.2503665,CHF
2013-10-04,QAR,0.2495159,CHF
2013-10-07,QAR,0.2509442,CHF
2013-10-08,QAR,0.2509814,CHF
2013-10-09,QAR,0.2514105,CHF
2013-10-10,QAR,0.2530898,CHF
2013-10-11,QAR,0.2528331,CHF
2013-10-14,QAR,0.2525916,CHF
2013-10-15,QAR,0.2529163,CHF
2013-10-16,QAR,0.2539364,CHF
2013-10-17,QAR,0.2534853,CHF
2013-10-18,QAR,0.2507445,CHF
2013-10-21,QAR,0.2508208,CHF
2013-10-22,QAR,0.2508205,CHF
2013-10-23,QAR,0.2484885,CHF
2013-10-24,QAR,0.2475452,CHF
2013-10-25,QAR,0.2475878,CHF
2013-10-28,QAR,0.2478225,CHF
2013-10-29,QAR,0.2487552,CHF
2013-10-30,QAR,0.2500153,CHF
2013-10-31,QAR,0.2496829,CHF
2013-11-01,QAR,0.2521821,CHF
2013-11-04,QAR,0.2533464,CHF
2013-11-05,QAR,0.252761,CHF
2013-11-06,QAR,0.2533981,CHF
2013-11-07,QAR,0.2532025,CHF
2013-11-08,QAR,0.2547421,CHF
2013-11-11,QAR,0.2562832,CHF
2013-11-12,QAR,0.255677,CHF
2013-11-13,QAR,0.2543352,CHF
2013-11-14,QAR,0.2539143,CHF
2013-11-15,QAR,0.2547554,CHF
2013-11-18,QAR,0.2541933,CHF
2013-11-19,QAR,0.2531315,CHF
2013-11-20,QAR,0.2524931,CHF
2013-11-21,QAR,0.2546944,CHF
2013-11-22,QAR,0.2538672,CHF
2013-11-25,QAR,0.2521919,CHF
2013-11-26,QAR,0.252965,CHF
2013-11-27,QAR,0.2519934,CHF
2013-11-28,QAR,0.2520559,CHF
2013-11-29,QAR,0.2512259,CHF
2013-12-02,QAR,0.2514174,CHF
2013-12-03,QAR,0.2524931,CHF
2013-12-04,QAR,0.2511815,CHF
2013-12-05,QAR,0.2505015,CHF
2013-12-06,QAR,0.2489613,CHF
2013-12-09,QAR,0.2477191,CHF
2013-12-10,QAR,0.247003,CHF
2013-12-11,QAR,0.2467057,CHF
2013-12-12,QAR,0.2460812,CHF
2013-12-13,QAR,0.2470943,CHF
2013-12-16,QAR,0.2467128,CHF
2013-12-17,QAR,0.2463516,CHF
2013-12-18,QAR,0.245643,CHF
2013-12-19,QAR,0.2487001,CHF
2013-12-20,QAR,0.2494035,CHF
2013-12-23,QAR,0.2488067,CHF
2013-12-24,QAR,0.2482087,CHF
2013-12-25,QAR,0.2489548,CHF
2013-12-26,QAR,0.2487883,CHF
2013-12-27,QAR,0.248205,CHF
2013-12-30,QAR,0.2475945,CHF
2013-12-31,QAR,0.2464911,CHF
2014-01-01,QAR,0.2477367,CHF
2014-01-02,QAR,0.2474557,CHF
2014-01-03,QAR,0.2497315,CHF
2014-01-06,QAR,0.2515175,CHF
2014-01-07,QAR,0.2512786,CHF
2014-01-08,QAR,0.2520298,CHF
2014-01-09,QAR,0.2531658,CHF
2014-01-10,QAR,0.2516841,CHF
2014-01-13,QAR,0.2502352,CHF
2014-01-14,QAR,0.2498634,CHF
2014-01-15,QAR,0.2513002,CHF
2014-01-16,QAR,0.2522183,CHF
2014-01-17,QAR,0.2513273,CHF
2014-01-20,QAR,0.2531384,CHF
2014-01-21,QAR,0.2529785,CHF
2014-01-22,QAR,0.2527012,CHF
2014-01-23,QAR,0.253266,CHF
2014-01-24,QAR,0.2495258,CHF
2014-01-27,QAR,0.2483239,CHF
2014-01-28,QAR,0.2489194,CHF
2014-01-29,QAR,0.2496012,CHF
2014-01-30,QAR,0.2484942,CHF
2014-01-31,QAR,0.2506819,CHF
2014-02-03,QAR,0.2518672,CHF
2014-02-04,QAR,0.2506821,CHF
2014-02-05,QAR,0.2506525,CHF
2014-02-06,QAR,0.2509096,CHF
2014-02-07,QAR,0.2500021,CHF
2014-02-10,QAR,0.2495026,CHF
2014-02-11,QAR,0.2485007,CHF
2014-02-12,QAR,0.2492879,CHF
2014-02-13,QAR,0.2494194,CHF
2014-02-14,QAR,0.247754,CHF
2014-02-17,QAR,0.2473308,CHF
2014-02-18,QAR,0.2475609,CHF
2014-02-19,QAR,0.2463717,CHF
2014-02-20,QAR,0.2462795,CHF
2014-02-21,QAR,0.2466633,CHF
2014-02-24,QAR,0.246209,CHF
2014-02-25,QAR,0.2466511,CHF
2014-02-26,QAR,0.2463733,CHF
2014-02-27,QAR,0.2472399,CHF
2014-02-28,QAR,0.2465034,CHF
2014-03-03,QAR,0.2441506,CHF
2014-03-04,QAR,0.2452191,CHF
2014-03-05,QAR,0.2463761,CHF
2014-03-06,QAR,0.2466298,CHF
2014-03-07,QAR,0.2442856,CHF
2014-03-10,QAR,0.2434802,CHF
2014-03-11,QAR,0.2440486,CHF
2014-03-12,QAR,0.2436418,CHF
2014-03-13,QAR,0.2427508,CHF
2014-03-14,QAR,0.2429417,CHF
2014-03-17,QAR,0.2423406,CHF
2014-03-18,QAR,0.2421215,CHF
2014-03-19,QAR,0.2424883,CHF
2014-03-20,QAR,0.2445043,CHF
2014-03-21,QAR,0.2451208,CHF
2014-03-24,QAR,0.2449941,CHF
2014-03-25,QAR,0.244486,CHF
2014-03-26,QAR,0.2452909,CHF
2014-03-27,QAR,0.2457734,CHF
2014-03-28,QAR,0.2461441,CHF
2014-03-31,QAR,0.2461374,CHF
2014-04-01,QAR,0.2456164,CHF
2014-04-02,QAR,0.2450423,CHF
2014-04-03,QAR,0.246311,CHF
2014-04-04,QAR,0.2476777,CHF
2014-04-07,QAR,0.2475877,CHF
2014-04-08,QAR,0.2464288,CHF
2014-04-09,QAR,0.2455264,CHF
2014-04-10,QAR,0.2440977,CHF
2014-04-11,QAR,0.2432104,CHF
2014-04-14,QAR,0.2432766,CHF
2014-04-15,QAR,0.2444354,CHF
2014-04-16,QAR,0.2444858,CHF
2014-04-17,QAR,0.2445398,CHF
2014-04-18,QAR,0.245317,CHF
2014-04-21,QAR,0.2452354,CHF
2014-04-22,QAR,0.2456442,CHF
2014-04-23,QAR,0.2456367,CHF
2014-04-24,QAR,0.245248,CHF
2014-04-25,QAR,0.2448106,CHF
2014-04-28,QAR,0.2450327,CHF
2014-04-29,QAR,0.244332,CHF
2014-04-30,QAR,0.2452025,CHF
2014-05-01,QAR,0.2443598,CHF
2014-05-02,QAR,0.2442529,CHF
2014-05-05,QAR,0.2436865,CHF
2014-05-06,QAR,0.2437321,CHF
2014-05-07,QAR,0.2426482,CHF
2014-05-08,QAR,0.2431368,CHF
2014-05-09,QAR,0.2445525,CHF
2014-05-12,QAR,0.2463676,CHF
2014-05-13,QAR,0.2462837,CHF
2014-05-14,QAR,0.2469743,CHF
2014-05-15,QAR,0.2468026,CHF
2014-05-16,QAR,0.2471312,CHF
2014-05-19,QAR,0.2474802,CHF
2014-05-20,QAR,0.2476918,CHF
2014-05-21,QAR,0.2475911,CHF
2014-05-22,QAR,0.2481418,CHF
2014-05-23,QAR,0.2485026,CHF
2014-05-26,QAR,0.2488567,CHF
2014-05-27,QAR,0.2483088,CHF
2014-05-28,QAR,0.2490578,CHF
2014-05-29,QAR,0.2493199,CHF
2014-05-30,QAR,0.2492658,CHF
2014-06-02,QAR,0.2487328,CHF
2014-06-03,QAR,0.2494559,CHF
2014-06-04,QAR,0.2491132,CHF
2014-06-05,QAR,0.2491811,CHF
2014-06-06,QAR,0.2473809,CHF
2014-06-09,QAR,0.2479222,CHF
2014-06-10,QAR,0.2490826,CHF
2014-06-11,QAR,0.250054,CHF
2014-06-12,QAR,0.2497128,CHF
2014-06-13,QAR,0.2493354,CHF
2014-06-16,QAR,0.2498449,CHF
2014-06-17,QAR,0.2494468,CHF
2014-06-18,QAR,0.2495939,CHF
2014-06-19,QAR,0.2489745,CHF
2014-06-20,QAR,0.2480042,CHF
2014-06-23,QAR,0.248498,CHF
2014-06-24,QAR,0.2484458,CHF
2014-06-25,QAR,0.2482803,CHF
2014-06-26,QAR,0.2478293,CHF
2014-06-27,QAR,0.2480247,CHF
2014-06-30,QAR,0.247304,CHF
2014-07-01,QAR,0.2462316,CHF
2014-07-02,QAR,0.2465033,CHF
2014-07-03,QAR,0.2468824,CHF
2014-07-04,QAR,0.2481022,CHF
2014-07-07,QAR,0.2486438,CHF
2014-07-08,QAR,0.248032,CHF
2014-07-09,QAR,0.2479888,CHF
2014-07-10,QAR,0.2470979,CHF
2014-07-11,QAR,0.2481827,CHF
2014-07-14,QAR,0.2478637,CHF
2014-07-15,QAR,0.2475156,CHF
2014-07-16,QAR,0.2487508,CHF
2014-07-17,QAR,0.2492053,CHF
2014-07-18,QAR,0.2492853,CHF
2014-07-21,QAR,0.2493075,CHF
2014-07-22,QAR,0.2494811,CHF
2014-07-23,QAR,0.250647,CHF
2014-07-24,QAR,0.2505638,CHF
2014-07-25,QAR,0.2505887,CHF
2014-07-28,QAR,0.2511476,CHF
2014-07-29,QAR,0.250979,CHF
2014-07-30,QAR,0.2517783,CHF
2014-07-31,QAR,0.2521669,CHF
2014-08-01,QAR,0.2523126,CHF
2014-08-04,QAR,0.2517297,CHF
2014-08-05,QAR,0.2517396,CHF
2014-08-06,QAR,0.2524223,CHF
2014-08-07,QAR,0.2518712,CHF
2014-08-08,QAR,0.2524931,CHF
2014-08-11,QAR,0.2515009,CHF
2014-08-12,QAR,0.2518745,CHF
2014-08-13,QAR,0.2519948,CHF
2014-08-14,QAR,0.2518995,CHF
2014-08-15,QAR,0.2517339,CHF
2014-08-18,QAR,0.2505638,CHF
2014-08-19,QAR,0.2515514,CHF
2014-08-20,QAR,0.2524084,CHF
2014-08-21,QAR,0.2539016,CHF
2014-08-22,QAR,0.2530843,CHF
2014-08-25,QAR,0.2543514,CHF
2014-08-26,QAR,0.2539153,CHF
2014-08-27,QAR,0.254773,CHF
2014-08-28,QAR,0.2535103,CHF
2014-08-29,QAR,0.2540501,CHF
2014-09-01,QAR,0.2551617,CHF
2014-09-02,QAR,0.2553141,CHF
2014-09-03,QAR,0.255202,CHF
2014-09-04,QAR,0.2548536,CHF
2014-09-05,QAR,0.2587631,CHF
2014-09-08,QAR,0.2583663,CHF
2014-09-09,QAR,0.2597412,CHF
2014-09-10,QAR,0.2588089,CHF
2014-09-11,QAR,0.2602575,CHF
2014-09-12,QAR,0.2598507,CHF
2014-09-15,QAR,0.259076,CHF
2014-09-16,QAR,0.2591851,CHF
2014-09-17,QAR,0.2588421,CHF
2014-09-18,QAR,0.261178,CHF
2014-09-19,QAR,0.2594328,CHF
2014-09-22,QAR,0.2607705,CHF
2014-09-23,QAR,0.2607032,CHF
2014-09-24,QAR,0.2607455,CHF
2014-09-25,QAR,0.262378,CHF
2014-09-26,QAR,0.2626161,CHF
2014-09-29,QAR,0.2642081,CHF
2014-09-30,QAR,0.2639691,CHF
2014-10-01,QAR,0.2652377,CHF
2014-10-02,QAR,0.2653904,CHF
2014-10-03,QAR,0.2650771,CHF
2014-10-06,QAR,0.2683523,CHF
2014-10-07,QAR,0.2666409,CHF
2014-10-08,QAR,0.2658534,CHF
2014-10-09,QAR,0.2640561,CHF
2014-10-10,QAR,0.2646147,CHF
2014-10-13,QAR,0.2645443,CHF
2014-10-14,QAR,0.2634143,CHF
2014-10-15,QAR,0.2651493,CHF
2014-10-16,QAR,0.2611236,CHF
2014-10-17,QAR,0.2617169,CHF
2014-10-20,QAR,0.2626805,CHF
2014-10-21,QAR,0.2616236,CHF
2014-10-22,QAR,0.2632628,CHF
2014-10-23,QAR,0.264848,CHF
2014-10-24,QAR,0.26453,CHF
2014-10-27,QAR,0.2635569,CHF
2014-10-28,QAR,0.2633944,CHF
2014-10-29,QAR,0.2627854,CHF
2014-10-30,QAR,0.2651666,CHF
2014-10-31,QAR,0.2656974,CHF
2014-11-03,QAR,0.2682176,CHF
2014-11-04,QAR,0.2677309,CHF
2014-11-05,QAR,0.2662331,CHF
2014-11-06,QAR,0.2674508,CHF
2014-11-07,QAR,0.2700189,CHF
2014-11-10,QAR,0.2677874,CHF
2014-11-11,QAR,0.2683107,CHF
2014-11-12,QAR,0.2679642,CHF
2014-11-13,QAR,0.2683489,CHF
2014-11-14,QAR,0.2678948,CHF
2014-11-17,QAR,0.2653186,CHF
2014-11-18,QAR,0.2672612,CHF
2014-11-19,QAR,0.2663898,CHF
2014-11-20,QAR,0.2658272,CHF
2014-11-21,QAR,0.2658494,CHF
2014-11-24,QAR,0.2695443,CHF
2014-11-25,QAR,0.2687691,CHF
2014-11-26,QAR,0.2676146,CHF
2014-11-27,QAR,0.2668031,CHF
2014-11-28,QAR,0.2668031,CHF
2014-12-01,QAR,0.2683753,CHF
2014-12-02,QAR,0.2679142,CHF
2014-12-03,QAR,0.2697496,CHF
2014-12-04,QAR,0.2712918,CHF
2014-12-05,QAR,0.269607,CHF
2014-12-08,QAR,0.2713396,CHF
2014-12-09,QAR,0.2709736,CHF
2014-12-10,QAR,0.2697812,CHF
2014-12-11,QAR,0.268257,CHF
2014-12-12,QAR,0.2690483,CHF
2014-12-15,QAR,0.2677904,CHF
2014-12-16,QAR,0.2678453,CHF
2014-12-17,QAR,0.2667638,CHF
2014-12-18,QAR,0.2701088,CHF
2014-12-19,QAR,0.2722325,CHF
2014-12-22,QAR,0.2727838,CHF
2014-12-23,QAR,0.2731792,CHF
2014-12-24,QAR,0.2744375,CHF
2014-12-25,QAR,0.2733313,CHF
2014-12-26,QAR,0.2731665,CHF
2014-12-29,QAR,0.2738477,CHF
2014-12-30,QAR,0.2751121,CHF
2014-12-31,QAR,0.2744755,CHF
2015-01-01,QAR,0.2765083,CHF
2015-01-02,QAR,0.2762027,CHF
2015-01-05,QAR,0.2779913,CHF
2015-01-06,QAR,0.2792967,CHF
2015-01-07,QAR,0.2809696,CHF
2015-01-08,QAR,0.2821347,CHF
2015-01-09,QAR,0.2825567,CHF
2015-01-12,QAR,0.2821121,CHF
2015-01-13,QAR,0.2815315,CHF
2015-01-14,QAR,0.2831282,CHF
2015-01-15,QAR,0.2831144,CHF
2015-01-16,QAR,0.2392336,CHF
2015-01-19,QAR,0.2404721,CHF
2015-01-20,QAR,0.2445341,CHF
2015-01-21,QAR,0.2425333,CHF
2015-01-22,QAR,0.2400478,CHF
2015-01-23,QAR,0.2418887,CHF
2015-01-26,QAR,0.2439754,CHF
2015-01-27,QAR,0.2505867,CHF
2015-01-28,QAR,0.2513173,CHF
2015-01-29,QAR,0.2528804,CHF
2015-01-30,QAR,0.256059,CHF
2015-02-02,QAR,0.257725,CHF
2015-02-03,QAR,0.2579834,CHF
2015-02-04,QAR,0.2566071,CHF
2015-02-05,QAR,0.2563951,CHF
2015-02-06,QAR,0.256532,CHF
2015-02-09,QAR,0.2566496,CHF
2015-02-10,QAR,0.256306,CHF
2015-02-11,QAR,0.2572986,CHF
2015-02-12,QAR,0.2578113,CHF
2015-02-13,QAR,0.2578764,CHF
2015-02-16,QAR,0.2585293,CHF
2015-02-17,QAR,0.2587804,CHF
2015-02-18,QAR,0.2598194,CHF
2015-02-19,QAR,0.2613079,CHF
2015-02-20,QAR,0.2635034,CHF
2015-02-23,QAR,0.2618974,CHF
2015-02-24,QAR,0.2639939,CHF
2015-02-25,QAR,0.2642469,CHF
2015-02-26,QAR,0.2637674,CHF
2015-02-27,QAR,0.2643042,CHF
2015-03-02,QAR,0.2647659,CHF
2015-03-03,QAR,0.2656502,CHF
2015-03-04,QAR,0.2669381,CHF
2015-03-05,QAR,0.2681663,CHF
2015-03-06,QAR,0.2701708,CHF
2015-03-09,QAR,0.2738659,CHF
2015-03-10,QAR,0.2742051,CHF
2015-03-11,QAR,0.277421,CHF
2015-03-12,QAR,0.2809397,CHF
2015-03-13,QAR,0.2788868,CHF
2015-03-16,QAR,0.2794119,CHF
2015-03-17,QAR,0.2799956,CHF
2015-03-18,QAR,0.2792181,CHF
2015-03-19,QAR,0.2742373,CHF
2015-03-20,QAR,0.2746652,CHF
2015-03-23,QAR,0.2715659,CHF
2015-03-24,QAR,0.2690844,CHF
2015-03-25,QAR,0.2661808,CHF
2015-03-26,QAR,0.2663863,CHF
2015-03-27,QAR,0.268004,CHF
2015-03-30,QAR,0.2664396,CHF
2015-03-31,QAR,0.268815,CHF
2015-04-01,QAR,0.2694444,CHF
2015-04-02,QAR,0.2686631,CHF
2015-04-06,QAR,0.2647006,CHF
2015-04-07,QAR,0.2674198,CHF
2015-04-08,QAR,0.268352,CHF
2015-04-09,QAR,0.2688011,CHF
2015-04-10,QAR,0.2709866,CHF
2015-04-13,QAR,0.2720306,CHF
2015-04-14,QAR,0.2712173,CHF
2015-04-15,QAR,0.2705305,CHF
2015-04-16,QAR,0.2672327,CHF
2015-04-17,QAR,0.2657054,CHF
2015-04-20,QAR,0.2646193,CHF
2015-04-21,QAR,0.2660556,CHF
2015-04-22,QAR,0.2655319,CHF
2015-04-23,QAR,0.2696674,CHF
2015-04-24,QAR,0.26546,CHF
2015-04-27,QAR,0.2649872,CHF
2015-04-28,QAR,0.2652524,CHF
2015-04-29,QAR,0.2654406,CHF
2015-04-30,QAR,0.2610326,CHF
2015-05-01,QAR,0.2592134,CHF
2015-05-04,QAR,0.2584024,CHF
2015-05-05,QAR,0.2597694,CHF
2015-05-06,QAR,0.2574365,CHF
2015-05-07,QAR,0.2547162,CHF
2015-05-08,QAR,0.2562001,CHF
2015-05-11,QAR,0.2590967,CHF
2015-05-12,QAR,0.2595076,CHF
2015-05-13,QAR,0.2581009,CHF
2015-05-14,QAR,0.2546387,CHF
2015-05-18,QAR,0.2551018,CHF
2015-05-19,QAR,0.2574575,CHF
2015-05-20,QAR,0.2603002,CHF
2015-05-21,QAR,0.2598817,CHF
2015-05-22,QAR,0.2602262,CHF
2015-05-26,QAR,0.2631377,CHF
2015-05-27,QAR,0.2648888,CHF
2015-05-28,QAR,0.2636028,CHF
2015-05-29,QAR,0.2618667,CHF
2015-06-01,QAR,0.2611706,CHF
2015-06-02,QAR,0.2625778,CHF
2015-06-03,QAR,0.2592421,CHF
2015-06-04,QAR,0.259579,CHF
2015-06-05,QAR,0.2597278,CHF
2015-06-08,QAR,0.2611578,CHF
2015-06-09,QAR,0.2575186,CHF
2015-06-10,QAR,0.2584088,CHF
2015-06-11,QAR,0.2592426,CHF
2015-06-12,QAR,0.2591037,CHF
2015-06-15,QAR,0.2582737,CHF
2015-06-16,QAR,0.2586042,CHF
2015-06-17,QAR,0.2584961,CHF
2015-06-18,QAR,0.2557728,CHF
2015-06-19,QAR,0.2556682,CHF
2015-06-22,QAR,0.2551718,CHF
2015-06-23,QAR,0.2563583,CHF
2015-06-24,QAR,0.2592934,CHF
2015-06-25,QAR,0.2594771,CHF
2015-06-26,QAR,0.259748,CHF
2015-06-29,QAR,0.2607365,CHF
2015-06-30,QAR,0.2574836,CHF
2015-07-01,QAR,0.259332,CHF
2015-07-02,QAR,0.2632519,CHF
2015-07-03,QAR,0.2619359,CHF
2015-07-06,QAR,0.2597874,CHF
2015-07-07,QAR,0.2621357,CHF
2015-07-08,QAR,0.2629954,CHF
2015-07-09,QAR,0.2626816,CHF
2015-07-10,QAR,0.2628216,CHF
2015-07-13,QAR,0.2603558,CHF
2015-07-14,QAR,0.2642098,CHF
2015-07-15,QAR,0.2625439,CHF
2015-07-16,QAR,0.2647578,CHF
2015-07-17,QAR,0.2657418,CHF
2015-07-20,QAR,0.2671322,CHF
2015-07-21,QAR,0.267795,CHF
2015-07-22,QAR,0.2662139,CHF
2015-07-23,QAR,0.2663626,CHF
2015-07-24,QAR,0.2667927,CHF
2015-07-27,QAR,0.2666963,CHF
2015-07-28,QAR,0.2669307,CHF
2015-07-29,QAR,0.2667737,CHF
2015-07-30,QAR,0.2689678,CHF
2015-07-31,QAR,0.2687706,CHF
2015-08-03,QAR,0.2677972,CHF
2015-08-04,QAR,0.2693676,CHF
2015-08-05,QAR,0.2718808,CHF
2015-08-06,QAR,0.2716775,CHF
2015-08-07,QAR,0.2723885,CHF
2015-08-10,QAR,0.2727421,CHF
2015-08-11,QAR,0.2736689,CHF
2015-08-12,QAR,0.274271,CHF
2015-08-13,QAR,0.2710851,CHF
2015-08-14,QAR,0.2713179,CHF
2015-08-17,QAR,0.2709842,CHF
2015-08-18,QAR,0.2717063,CHF
2015-08-19,QAR,0.2713322,CHF
2015-08-20,QAR,0.2681857,CHF
2015-08-21,QAR,0.2662695,CHF
2015-08-24,QAR,0.2619772,CHF
2015-08-25,QAR,0.2600803,CHF
2015-08-26,QAR,0.2613032,CHF
2015-08-27,QAR,0.2643546,CHF
2015-08-28,QAR,0.268221,CHF
2015-08-31,QAR,0.2674894,CHF
2015-09-01,QAR,0.2673823,CHF
2015-09-02,QAR,0.2671883,CHF
2015-09-03,QAR,0.2692685,CHF
2015-09-04,QAR,0.2705332,CHF
2015-09-07,QAR,0.2703101,CHF
2015-09-08,QAR,0.2706661,CHF
2015-09-09,QAR,0.2721224,CHF
2015-09-10,QAR,0.2710407,CHF
2015-09-11,QAR,0.2703697,CHF
2015-09-14,QAR,0.269337,CHF
2015-09-15,QAR,0.2689446,CHF
2015-09-16,QAR,0.2705179,CHF
2015-09-17,QAR,0.2693111,CHF
2015-09-18,QAR,0.2667305,CHF
2015-09-21,QAR,0.268653,CHF
2015-09-22,QAR,0.2699071,CHF
2015-09-23,QAR,0.27099,CHF
2015-09-24,QAR,0.2721563,CHF
2015-09-25,QAR,0.2717067,CHF
2015-09-28,QAR,0.2720875,CHF
2015-09-29,QAR,0.2700331,CHF
2015-09-30,QAR,0.2697109,CHF
2015-10-01,QAR,0.2708397,CHF
2015-10-02,QAR,0.2711544,CHF
2015-10-05,QAR,0.2694519,CHF
2015-10-06,QAR,0.2710809,CHF
2015-10-07,QAR,0.2686596,CHF
2015-10-08,QAR,0.2702144,CHF
2015-10-09,QAR,0.2685337,CHF
2015-10-12,QAR,0.2672255,CHF
2015-10-13,QAR,0.2677544,CHF
2015-10-14,QAR,0.2660339,CHF
2015-10-15,QAR,0.2637076,CHF
2015-10-16,QAR,0.2643499,CHF
2015-10-19,QAR,0.26515,CHF
2015-10-20,QAR,0.2655768,CHF
2015-10-21,QAR,0.2653065,CHF
2015-10-22,QAR,0.2664603,CHF
2015-10-23,QAR,0.2703032,CHF
2015-10-26,QAR,0.2713176,CHF
2015-10-27,QAR,0.2724901,CHF
2015-10-28,QAR,0.2740291,CHF
2015-10-29,QAR,0.2759517,CHF
2015-10-30,QAR,0.2749369,CHF
2015-11-02,QAR,0.2742258,CHF
2015-11-03,QAR,0.2742702,CHF
2015-11-04,QAR,0.2758233,CHF
2015-11-05,QAR,0.2760276,CHF
2015-11-06,QAR,0.2764949,CHF
2015-11-09,QAR,0.2791071,CHF
2015-11-10,QAR,0.2788661,CHF
2015-11-11,QAR,0.2791228,CHF
2015-11-12,QAR,0.2787931,CHF
2015-11-13,QAR,0.2780978,CHF
2015-11-16,QAR,0.278413,CHF
2015-11-17,QAR,0.2806697,CHF
2015-11-18,QAR,0.282506,CHF
2015-11-19,QAR,0.2825556,CHF
2015-11-20,QAR,0.2814254,CHF
2015-11-23,QAR,0.2837076,CHF
2015-11-24,QAR,0.2828245,CHF
2015-11-25,QAR,0.282027,CHF
2015-11-26,QAR,0.2840651,CHF
2015-11-27,QAR,0.2841458,CHF
2015-11-30,QAR,0.2975885,CHF
2015-12-01,QAR,0.2853823,CHF
2015-12-02,QAR,0.2852258,CHF
2015-12-03,QAR,0.2834746,CHF
2015-12-04,QAR,0.2760248,CHF
2015-12-07,QAR,0.2874777,CHF
2015-12-08,QAR,0.2775202,CHF
2015-12-09,QAR,0.2756085,CHF
2015-12-10,QAR,0.2733722,CHF
2015-12-11,QAR,0.2746692,CHF
2015-12-14,QAR,0.2732977,CHF
2015-12-15,QAR,0.2732912,CHF
2015-12-16,QAR,0.2750355,CHF
2015-12-17,QAR,0.2763456,CHF
2015-12-18,QAR,0.2762727,CHF
2015-12-21,QAR,0.2756404,CHF
2015-12-22,QAR,0.2756161,CHF
2015-12-23,QAR,0.2745887,CHF
2015-12-24,QAR,0.2748133,CHF
2015-12-28,QAR,0.2740087,CHF
2015-12-29,QAR,0.2745809,CHF
2015-12-30,QAR,0.2757474,CHF
2015-12-31,QAR,0.2746822,CHF
2016-01-04,QAR,0.2771744,CHF
2016-01-05,QAR,0.2783449,CHF
2016-01-06,QAR,0.2799247,CHF
2016-01-07,QAR,0.2786865,CHF
2016-01-08,QAR,0.2767359,CHF
2016-01-11,QAR,0.2762126,CHF
2016-01-12,QAR,0.2775293,CHF
2016-01-13,QAR,0.2790282,CHF
2016-01-14,QAR,0.2796436,CHF
2016-01-15,QAR,0.2789558,CHF
2016-01-18,QAR,0.2788843,CHF
2016-01-19,QAR,0.279201,CHF
2016-01-20,QAR,0.2782358,CHF
2016-01-21,QAR,0.2791383,CHF
2016-01-22,QAR,0.2800913,CHF
2016-01-25,QAR,0.2816333,CHF
2016-01-26,QAR,0.2814549,CHF
2016-01-27,QAR,0.2824635,CHF
2016-01-28,QAR,0.282275,CHF
2016-01-29,QAR,0.2819044,CHF
2016-02-01,QAR,0.283846,CHF
2016-02-02,QAR,0.2834269,CHF
2016-02-03,QAR,0.2828978,CHF
2016-02-04,QAR,0.2793904,CHF
2016-02-05,QAR,0.2762042,CHF
2016-02-08,QAR,0.2751099,CHF
2016-02-09,QAR,0.2734888,CHF
2016-02-10,QAR,0.2699293,CHF
2016-02-11,QAR,0.2702035,CHF
2016-02-12,QAR,0.270496,CHF
2016-02-15,QAR,0.2719171,CHF
2016-02-16,QAR,0.2741036,CHF
2016-02-17,QAR,0.274459,CHF
2016-02-18,QAR,0.2752978,CHF
2016-02-19,QAR,0.2752231,CHF
2016-02-22,QAR,0.2752452,CHF
2016-02-23,QAR,0.2770873,CHF
2016-02-24,QAR,0.2755706,CHF
2016-02-25,QAR,0.2747933,CHF
2016-02-26,QAR,0.2743903,CHF
2016-02-29,QAR,0.2767874,CHF
2016-03-01,QAR,0.2772647,CHF
2016-03-02,QAR,0.2771523,CHF
2016-03-03,QAR,0.2768531,CHF
2016-03-04,QAR,0.2758963,CHF
2016-03-07,QAR,0.2756552,CHF
2016-03-08,QAR,0.2759826,CHF
2016-03-09,QAR,0.2771641,CHF
2016-03-10,QAR,0.276974,CHF
2016-03-11,QAR,0.2735538,CHF
2016-03-14,QAR,0.2732461,CHF
2016-03-15,QAR,0.2738601,CHF
2016-03-16,QAR,0.2743717,CHF
2016-03-17,QAR,0.2715546,CHF
2016-03-18,QAR,0.2684227,CHF
2016-03-21,QAR,0.268955,CHF
2016-03-22,QAR,0.2692704,CHF
2016-03-23,QAR,0.270306,CHF
2016-03-24,QAR,0.2709593,CHF
2016-03-29,QAR,0.2710438,CHF
2016-03-30,QAR,0.2685225,CHF
2016-03-31,QAR,0.2681875,CHF
2016-04-01,QAR,0.2669496,CHF
2016-04-04,QAR,0.2660038,CHF
2016-04-05,QAR,0.2660686,CHF
2016-04-06,QAR,0.2658245,CHF
2016-04-07,QAR,0.2654311,CHF
2016-04-08,QAR,0.2657646,CHF
2016-04-11,QAR,0.2646348,CHF
2016-04-12,QAR,0.2650219,CHF
2016-04-13,QAR,0.2655834,CHF
2016-04-14,QAR,0.2687068,CHF
2016-04-15,QAR,0.2686901,CHF
2016-04-18,QAR,0.2684721,CHF
2016-04-19,QAR,0.2676461,CHF
2016-04-20,QAR,0.2669014,CHF
2016-04-21,QAR,0.2697516,CHF
2016-04-22,QAR,0.2704921,CHF
2016-04-25,QAR,0.2710485,CHF
2016-04-26,QAR,0.2704327,CHF
2016-04-27,QAR,0.2702958,CHF
2016-04-28,QAR,0.2701006,CHF
2016-04-29,QAR,0.2678119,CHF
2016-05-02,QAR,0.2660887,CHF
2016-05-03,QAR,0.2650663,CHF
2016-05-04,QAR,0.2654971,CHF
2016-05-06,QAR,0.2690075,CHF
2016-05-09,QAR,0.2697514,CHF
2016-05-10,QAR,0.2696479,CHF
2016-05-11,QAR,0.2705551,CHF
2016-05-12,QAR,0.2696406,CHF
2016-05-13,QAR,0.2698815,CHF
2016-05-17,QAR,0.2719385,CHF
2016-05-18,QAR,0.272695,CHF
2016-05-19,QAR,0.2743174,CHF
2016-05-20,QAR,0.27527,CHF
2016-05-23,QAR,0.2748108,CHF
2016-05-24,QAR,0.2751625,CHF
2016-05-25,QAR,0.2757403,CHF
2016-05-26,QAR,0.2749355,CHF
2016-05-27,QAR,0.2747597,CHF
2016-05-30,QAR,0.2760354,CHF
2016-05-31,QAR,0.2754659,CHF
2016-06-01,QAR,0.2762346,CHF
2016-06-02,QAR,0.2744801,CHF
2016-06-03,QAR,0.2751702,CHF
2016-06-06,QAR,0.2712471,CHF
2016-06-07,QAR,0.2697277,CHF
2016-06-08,QAR,0.2679567,CHF
2016-06-09,QAR,0.2661121,CHF
2016-06-10,QAR,0.2679382,CHF
2016-06-13,QAR,0.2677955,CHF
2016-06-14,QAR,0.2674901,CHF
2016-06-15,QAR,0.2677891,CHF
2016-06-16,QAR,0.2671781,CHF
2016-06-17,QAR,0.2681049,CHF
2016-06-20,QAR,0.2662071,CHF
2016-06-21,QAR,0.2672263,CHF
2016-06-22,QAR,0.2671487,CHF
2016-06-23,QAR,0.2664386,CHF
2016-06-24,QAR,0.2677597,CHF
2016-06-27,QAR,0.2705453,CHF
2016-06-28,QAR,0.2713603,CHF
2016-06-29,QAR,0.2724498,CHF
2016-06-30,QAR,0.2721805,CHF
2016-07-01,QAR,0.2708625,CHF
2016-07-04,QAR,0.280855,CHF
2016-07-05,QAR,0.2698914,CHF
2016-07-06,QAR,0.2715215,CHF
2016-07-07,QAR,0.2708539,CHF
2016-07-08,QAR,0.271781,CHF
2016-07-11,QAR,0.2726709,CHF
2016-07-12,QAR,0.2729067,CHF
2016-07-13,QAR,0.2745054,CHF
2016-07-14,QAR,0.2729668,CHF
2016-07-15,QAR,0.2726053,CHF
2016-07-18,QAR,0.2736114,CHF
2016-07-19,QAR,0.2730212,CHF
2016-07-20,QAR,0.2738343,CHF
2016-07-21,QAR,0.2736808,CHF
2016-07-22,QAR,0.2735896,CHF
2016-07-25,QAR,0.2744219,CHF
2016-07-26,QAR,0.2737534,CHF
2016-07-27,QAR,0.2754949,CHF
2016-07-28,QAR,0.2739219,CHF
2016-07-29,QAR,0.2719699,CHF
2016-08-02,QAR,0.2688068,CHF
2016-08-03,QAR,0.268048,CHF
2016-08-04,QAR,0.2700405,CHF
2016-08-05,QAR,0.2704835,CHF
2016-08-08,QAR,0.2720414,CHF
2016-08-09,QAR,0.273102,CHF
2016-08-10,QAR,0.2721711,CHF
2016-08-11,QAR,0.2705763,CHF
2016-08-12,QAR,0.2707874,CHF
2016-08-15,QAR,0.2708947,CHF
2016-08-16,QAR,0.2702727,CHF
2016-08-17,QAR,0.2671341,CHF
2016-08-18,QAR,0.2663777,CHF
2016-08-19,QAR,0.2653378,CHF
2016-08-22,QAR,0.2674475,CHF
2016-08-23,QAR,0.2671553,CHF
2016-08-24,QAR,0.2677115,CHF
2016-08-25,QAR,0.2684392,CHF
2016-08-26,QAR,0.2685751,CHF
2016-08-29,QAR,0.2714942,CHF
2016-08-30,QAR,0.2719604,CHF
2016-08-31,QAR,0.2728374,CHF
2016-09-01,QAR,0.2730593,CHF
2016-09-02,QAR,0.2722391,CHF
2016-09-05,QAR,0.2722915,CHF
2016-09-06,QAR,0.2722915,CHF
2016-09-07,QAR,0.2692926,CHF
2016-09-08,QAR,0.269076,CHF
2016-09-09,QAR,0.2698664,CHF
2016-09-12,QAR,0.2714714,CHF
2016-09-13,QAR,0.2698581,CHF
2016-09-14,QAR,0.2713787,CHF
2016-09-15,QAR,0.270282,CHF
2016-09-16,QAR,0.2698535,CHF
2016-09-19,QAR,0.2718505,CHF
2016-09-20,QAR,0.2723774,CHF
2016-09-21,QAR,0.2718052,CHF
2016-09-22,QAR,0.2704876,CHF
2016-09-23,QAR,0.269474,CHF
2016-09-26,QAR,0.2691826,CHF
2016-09-27,QAR,0.269177,CHF
2016-09-28,QAR,0.2697609,CHF
2016-09-29,QAR,0.2696036,CHF
2016-09-30,QAR,0.2681997,CHF
2016-10-03,QAR,0.2695118,CHF
2016-10-04,QAR,0.2702411,CHF
2016-10-05,QAR,0.2715248,CHF
2016-10-06,QAR,0.2707316,CHF
2016-10-07,QAR,0.2725462,CHF
2016-10-10,QAR,0.2714904,CHF
2016-10-11,QAR,0.2731867,CHF
2016-10-12,QAR,0.2745109,CHF
2016-10-13,QAR,0.2749741,CHF
2016-10-14,QAR,0.2739596,CHF
2016-10-17,QAR,0.2748394,CHF
2016-10-18,QAR,0.2739819,CHF
2016-10-19,QAR,0.274265,CHF
2016-10-20,QAR,0.2745231,CHF
2016-10-21,QAR,0.2761254,CHF
2016-10-24,QAR,0.2763324,CHF
2016-10-25,QAR,0.2760931,CHF
2016-10-26,QAR,0.2762369,CHF
2016-10-27,QAR,0.2760093,CHF
2016-10-28,QAR,0.2758538,CHF
2016-10-31,QAR,0.2741492,CHF
2016-11-01,QAR,0.2747069,CHF
2016-11-02,QAR,0.2703355,CHF
2016-11-03,QAR,0.2690827,CHF
2016-11-04,QAR,0.2706476,CHF
2016-11-07,QAR,0.2708017,CHF
2016-11-08,QAR,0.2707406,CHF
2016-11-09,QAR,0.2689095,CHF
2016-11-10,QAR,0.2729582,CHF
2016-11-11,QAR,0.2736883,CHF
2016-11-14,QAR,0.2750473,CHF
2016-11-15,QAR,0.2771356,CHF
2016-11-16,QAR,0.2773529,CHF
2016-11-17,QAR,0.278186,CHF
2016-11-18,QAR,0.2801776,CHF
2016-11-21,QAR,0.2801291,CHF
2016-11-22,QAR,0.2801977,CHF
2016-11-23,QAR,0.2807684,CHF
2016-11-24,QAR,0.2829422,CHF
2016-11-25,QAR,0.282359,CHF
2016-11-28,QAR,0.2800514,CHF
2016-11-29,QAR,0.2816493,CHF
2016-11-30,QAR,0.281296,CHF
2016-12-01,QAR,0.2822447,CHF
2016-12-02,QAR,0.2804723,CHF
2016-12-05,QAR,0.2821173,CHF
2016-12-06,QAR,0.2794574,CHF
2016-12-07,QAR,0.280389,CHF
2016-12-08,QAR,0.2795283,CHF
2016-12-09,QAR,0.2823226,CHF
2016-12-12,QAR,0.2823549,CHF
2016-12-13,QAR,0.2814468,CHF
2016-12-14,QAR,0.2807097,CHF
2016-12-15,QAR,0.2836159,CHF
2016-12-16,QAR,0.2854873,CHF
2016-12-19,QAR,0.2846903,CHF
2016-12-20,QAR,0.2849365,CHF
2016-12-21,QAR,0.285299,CHF
2016-12-22,QAR,0.2847757,CHF
2016-12-23,QAR,0.2846853,CHF
2016-12-27,QAR,0.2853432,CHF
2016-12-28,QAR,0.2852055,CHF
2016-12-29,QAR,0.2851379,CHF
2016-12-30,QAR,0.2833252,CHF
2017-01-03,QAR,0.2838014,CHF
2017-01-04,QAR,0.2846907,CHF
2017-01-05,QAR,0.2831464,CHF
2017-01-06,QAR,0.2807283,CHF
2017-01-09,QAR,0.2825379,CHF
2017-01-10,QAR,0.2810782,CHF
2017-01-11,QAR,0.2824802,CHF
2017-01-12,QAR,0.2811292,CHF
2017-01-13,QAR,0.2807668,CHF
2017-01-16,QAR,0.2802859,CHF
2017-01-17,QAR,0.2804908,CHF
2017-01-18,QAR,0.2784647,CHF
2017-01-19,QAR,0.2795164,CHF
2017-01-20,QAR,0.2790121,CHF
2017-01-23,QAR,0.2771543,CHF
2017-01-24,QAR,0.276807,CHF
2017-01-25,QAR,0.2778666,CHF
2017-01-26,QAR,0.277145,CHF
2017-01-27,QAR,0.2776924,CHF
2017-01-30,QAR,0.2766732,CHF
2017-01-31,QAR,0.2761307,CHF
2017-02-01,QAR,0.2748288,CHF
2017-02-02,QAR,0.275389,CHF
2017-02-03,QAR,0.2756287,CHF
2017-02-06,QAR,0.2754394,CHF
2017-02-07,QAR,0.2755353,CHF
2017-02-08,QAR,0.2768146,CHF
2017-02-09,QAR,0.2764561,CHF
2017-02-10,QAR,0.2780886,CHF
2017-02-13,QAR,0.2788858,CHF
2017-02-14,QAR,0.2791078,CHF
2017-02-15,QAR,0.2794963,CHF
2017-02-16,QAR,0.2787748,CHF
2017-02-17,QAR,0.2768598,CHF
2017-02-20,QAR,0.2785527,CHF
2017-02-21,QAR,0.2791509,CHF
2017-02-22,QAR,0.2798217,CHF
2017-02-23,QAR,0.2806265,CHF
2017-02-24,QAR,0.2795288,CHF
2017-02-27,QAR,0.2797491,CHF
2017-02-28,QAR,0.2800113,CHF
2017-03-01,QAR,0.2794485,CHF
2017-03-02,QAR,0.2805263,CHF
2017-03-03,QAR,0.2810104,CHF
2017-03-06,QAR,0.2799788,CHF
2017-03-07,QAR,0.2808007,CHF
2017-03-08,QAR,0.2813111,CHF
2017-03-09,QAR,0.2817288,CHF
2017-03-10,QAR,0.2809163,CHF
2017-03-13,QAR,0.2803442,CHF
2017-03-14,QAR,0.2797615,CHF
2017-03-15,QAR,0.2801547,CHF
2017-03-16,QAR,0.2775765,CHF
2017-03-17,QAR,0.2765747,CHF
2017-03-20,QAR,0.2765344,CHF
2017-03-21,QAR,0.2771929,CHF
2017-03-22,QAR,0.2759642,CHF
2017-03-23,QAR,0.275505,CHF
2017-03-24,QAR,0.2764082,CHF
2017-03-27,QAR,0.2743344,CHF
2017-03-28,QAR,0.2735295,CHF
2017-03-29,QAR,0.2754873,CHF
2017-03-30,QAR,0.2768522,CHF
2017-03-31,QAR,0.2778666,CHF
2017-04-03,QAR,0.2780407,CHF
2017-04-04,QAR,0.2781039,CHF
2017-04-05,QAR,0.278124,CHF
2017-04-06,QAR,0.278591,CHF
2017-04-07,QAR,0.2786743,CHF
2017-04-10,QAR,0.2804183,CHF
2017-04-11,QAR,0.2800714,CHF
2017-04-12,QAR,0.2796718,CHF
2017-04-13,QAR,0.2781421,CHF
2017-04-18,QAR,0.2786465,CHF
2017-04-19,QAR,0.2767967,CHF
2017-04-20,QAR,0.2771956,CHF
2017-04-21,QAR,0.2771825,CHF
2017-04-24,QAR,0.2765268,CHF
2017-04-25,QAR,0.2768325,CHF
2017-04-26,QAR,0.2754848,CHF
2017-04-27,QAR,0.2758128,CHF
2017-04-28,QAR,0.2759516,CHF
2017-05-01,QAR,0.2764991,CHF
2017-05-02,QAR,0.2764587,CHF
2017-05-03,QAR,0.2751316,CHF
2017-05-04,QAR,0.2760197,CHF
2017-05-05,QAR,0.2739256,CHF
2017-05-08,QAR,0.2746119,CHF
2017-05-09,QAR,0.2771172,CHF
2017-05-10,QAR,0.2794408,CHF
2017-05-11,QAR,0.2800591,CHF
2017-05-12,QAR,0.2796983,CHF
2017-05-15,QAR,0.2779623,CHF
2017-05-16,QAR,0.2763174,CHF
2017-05-17,QAR,0.2731462,CHF
2017-05-18,QAR,0.2718089,CHF
2017-05-19,QAR,0.2719882,CHF
2017-05-22,QAR,0.270386,CHF
2017-05-23,QAR,0.269892,CHF
2017-05-24,QAR,0.2708078,CHF
2017-05-26,QAR,0.2704822,CHF
2017-05-29,QAR,0.270667,CHF
2017-05-30,QAR,0.2717181,CHF
2017-05-31,QAR,0.2708653,CHF
2017-06-01,QAR,0.2686802,CHF
2017-06-02,QAR,0.2695313,CHF
2017-06-06,QAR,0.2668959,CHF
2017-06-07,QAR,0.2671987,CHF
2017-06-08,QAR,0.2670201,CHF
2017-06-09,QAR,0.268235,CHF
2017-06-12,QAR,0.2684915,CHF
2017-06-13,QAR,0.2670039,CHF
2017-06-14,QAR,0.2670796,CHF
2017-06-15,QAR,0.2682674,CHF
2017-06-16,QAR,0.2688168,CHF
2017-06-19,QAR,0.2681401,CHF
2017-06-20,QAR,0.2681876,CHF
2017-06-21,QAR,0.2680849,CHF
2017-06-22,QAR,0.2675203,CHF
2017-06-23,QAR,0.2670513,CHF
2017-06-26,QAR,0.2667852,CHF
2017-06-27,QAR,0.2591123,CHF
2017-06-28,QAR,0.2568894,CHF
2017-06-29,QAR,0.2591485,CHF
2017-06-30,QAR,0.2587565,CHF
2017-07-03,QAR,0.2596926,CHF
2017-07-04,QAR,0.2674386,CHF
2017-07-05,QAR,0.2674835,CHF
2017-07-06,QAR,0.2680657,CHF
2017-07-07,QAR,0.2668705,CHF
2017-07-10,QAR,0.2676453,CHF
2017-07-11,QAR,0.265101,CHF
2017-07-12,QAR,0.2632063,CHF
2017-07-13,QAR,0.2633156,CHF
2017-07-14,QAR,0.2660152,CHF
2017-07-17,QAR,0.2655562,CHF
2017-07-18,QAR,0.2631265,CHF
2017-07-19,QAR,0.2624133,CHF
2017-07-20,QAR,0.2623858,CHF
2017-07-21,QAR,0.2641227,CHF
2017-07-24,QAR,0.2626516,CHF
2017-07-25,QAR,0.2608983,CHF
2017-07-26,QAR,0.2642392,CHF
2017-07-27,QAR,0.262716,CHF
2017-07-28,QAR,0.269313,CHF
2017-07-31,QAR,0.2688411,CHF
2017-08-02,QAR,0.2663503,CHF
2017-08-03,QAR,0.2676238,CHF
2017-08-04,QAR,0.266962,CHF
2017-08-07,QAR,0.2678636,CHF
2017-08-08,QAR,0.2679199,CHF
2017-08-09,QAR,0.2679147,CHF
2017-08-10,QAR,0.2678697,CHF
2017-08-11,QAR,0.2670093,CHF
2017-08-14,QAR,0.2673423,CHF
2017-08-15,QAR,0.2696657,CHF
2017-08-16,QAR,0.269975,CHF
2017-08-17,QAR,0.2677383,CHF
2017-08-18,QAR,0.267148,CHF
2017-08-21,QAR,0.2679326,CHF
2017-08-22,QAR,0.2672942,CHF
2017-08-23,QAR,0.2689873,CHF
2017-08-24,QAR,0.2654065,CHF
2017-08-25,QAR,0.2648969,CHF
2017-08-28,QAR,0.2624682,CHF
2017-08-29,QAR,0.2616169,CHF
2017-08-30,QAR,0.2620296,CHF
2017-08-31,QAR,0.2644428,CHF
2017-09-01,QAR,0.2628246,CHF
2017-09-04,QAR,0.2632306,CHF
2017-09-05,QAR,0.2624088,CHF
2017-09-06,QAR,0.2617017,CHF
2017-09-07,QAR,0.2619208,CHF
2017-09-08,QAR,0.2590233,CHF
2017-09-11,QAR,0.2593439,CHF
2017-09-12,QAR,0.2601845,CHF
2017-09-13,QAR,0.2610403,CHF
2017-09-14,QAR,0.2628506,CHF
2017-09-15,QAR,0.26296,CHF
2017-09-18,QAR,0.2615704,CHF
2017-09-19,QAR,0.2667595,CHF
2017-09-20,QAR,0.2618428,CHF
2017-09-21,QAR,0.2639365,CHF
2017-09-22,QAR,0.2639401,CHF
2017-09-25,QAR,0.2644304,CHF
2017-09-26,QAR,0.2629457,CHF
2017-09-27,QAR,0.2640345,CHF
2017-09-28,QAR,0.2647272,CHF
2017-09-29,QAR,0.2642647,CHF
2017-10-02,QAR,0.2640471,CHF
2017-10-03,QAR,0.2710946,CHF
2017-10-04,QAR,0.2696663,CHF
2017-10-05,QAR,0.2671065,CHF
2017-10-06,QAR,0.2659467,CHF
2017-10-09,QAR,0.2690675,CHF
2017-10-10,QAR,0.271253,CHF
2017-10-11,QAR,0.2642039,CHF
2017-10-12,QAR,0.2634995,CHF
2017-10-13,QAR,0.2637147,CHF
2017-10-16,QAR,0.263618,CHF
2017-10-17,QAR,0.263672,CHF
2017-10-18,QAR,0.2717126,CHF
2017-10-19,QAR,0.2720885,CHF
2017-10-20,QAR,0.2621509,CHF
2017-10-23,QAR,0.262899,CHF
2017-10-24,QAR,0.262899,CHF
2017-10-25,QAR,0.2695672,CHF
2017-10-26,QAR,0.2745588,CHF
2017-10-27,QAR,0.2770563,CHF
2017-10-30,QAR,0.267053,CHF
2017-10-31,QAR,0.2658752,CHF
2017-11-01,QAR,0.2657433,CHF
2017-11-02,QAR,0.265121,CHF
2017-11-03,QAR,0.2773344,CHF
2017-11-06,QAR,0.2640199,CHF
2017-11-07,QAR,0.2640867,CHF
2017-11-08,QAR,0.2634358,CHF
2017-11-09,QAR,0.2638717,CHF
2017-11-10,QAR,0.2626053,CHF
2017-11-13,QAR,0.2629034,CHF
2017-11-14,QAR,0.2764911,CHF
2017-11-15,QAR,0.2744104,CHF
2017-11-16,QAR,0.2744659,CHF
2017-11-17,QAR,0.2749098,CHF
2017-11-20,QAR,0.2742717,CHF
2017-11-21,QAR,0.2756034,CHF
2017-11-22,QAR,0.2749652,CHF
2017-11-23,QAR,0.2724406,CHF
2017-11-24,QAR,0.2723745,CHF
2017-11-27,QAR,0.2721173,CHF
2017-11-28,QAR,0.2724129,CHF
2017-11-29,QAR,0.273033,CHF
2017-11-30,QAR,0.2731162,CHF
2017-12-01,QAR,0.27294,CHF
2017-12-04,QAR,0.2724767,CHF
2017-12-05,QAR,0.2732452,CHF
2017-12-06,QAR,0.2738833,CHF
2017-12-07,QAR,0.2745768,CHF
2017-12-08,QAR,0.2761305,CHF
2017-12-11,QAR,0.2753814,CHF
2017-12-12,QAR,0.2751595,CHF
2017-12-13,QAR,0.2749098,CHF
2017-12-14,QAR,0.2733284,CHF
2017-12-15,QAR,0.2742717,CHF
2017-12-18,QAR,0.2748696,CHF
2017-12-19,QAR,0.2735602,CHF
2017-12-20,QAR,0.2733104,CHF
2017-12-21,QAR,0.2735879,CHF
2017-12-22,QAR,0.2744758,CHF
2017-12-27,QAR,0.2745313,CHF
2017-12-28,QAR,0.2734214,CHF
2017-12-29,QAR,0.2715069,CHF
2018-01-03,QAR,0.2699253,CHF
2018-01-04,QAR,0.2713126,CHF
2018-01-05,QAR,0.2704525,CHF
2018-01-08,QAR,0.2706745,CHF
2018-01-09,QAR,0.2710352,CHF
2018-01-10,QAR,0.2727832,CHF
2018-01-11,QAR,0.2713959,CHF
2018-01-12,QAR,0.2708132,CHF
2018-01-15,QAR,0.2682609,CHF
2018-01-16,QAR,0.2672893,CHF
2018-01-17,QAR,0.2666511,CHF
2018-01-18,QAR,0.2676965,CHF
2018-01-19,QAR,0.2659852,CHF
2018-01-22,QAR,0.2669751,CHF
2018-01-23,QAR,0.2669008,CHF
2018-01-24,QAR,0.2652637,CHF
2018-01-25,QAR,0.2620728,CHF
2018-01-26,QAR,0.2607964,CHF
2018-01-29,QAR,0.2600473,CHF
2018-01-30,QAR,0.2604635,CHF
2018-01-31,QAR,0.2595201,CHF
2018-02-01,QAR,0.2585489,CHF
2018-02-02,QAR,0.2572649,CHF
2018-02-05,QAR,0.258125,CHF
2018-02-06,QAR,0.2585489,CHF
2018-02-07,QAR,0.2596865,CHF
2018-02-08,QAR,0.2617953,CHF
2018-02-09,QAR,0.260075,CHF
2018-02-12,QAR,0.2603802,CHF
2018-02-13,QAR,0.2607687,CHF
2018-02-14,QAR,0.2589929,CHF
2018-02-15,QAR,0.2576055,CHF
2018-02-16,QAR,0.255469,CHF
2018-02-19,QAR,0.2573558,CHF
2018-02-20,QAR,0.2582714,CHF
2018-02-21,QAR,0.2600195,CHF
2018-02-22,QAR,0.2606022,CHF
2018-02-23,QAR,0.2592426,CHF
2018-02-26,QAR,0.2592148,CHF
2018-02-27,QAR,0.2599918,CHF
2018-02-28,QAR,0.2609907,CHF
2018-03-01,QAR,0.2623503,CHF
2018-03-02,QAR,0.2611571,CHF
2018-03-05,QAR,0.259853,CHF
2018-03-06,QAR,0.2606854,CHF
2018-03-07,QAR,0.260186,CHF
2018-03-08,QAR,0.2617953,CHF
2018-03-09,QAR,0.2641538,CHF
2018-03-12,QAR,0.2635181,CHF
2018-03-13,QAR,0.262822,CHF
2018-03-14,QAR,0.2615734,CHF
2018-03-15,QAR,0.2620728,CHF
2018-03-16,QAR,0.2639319,CHF
2018-03-19,QAR,0.2646255,CHF
2018-03-20,QAR,0.2639874,CHF
2018-03-21,QAR,0.2652082,CHF
2018-03-22,QAR,0.2630717,CHF
2018-03-23,QAR,0.2624335,CHF
2018-03-26,QAR,0.2627942,CHF
2018-03-27,QAR,0.2625445,CHF
2018-03-28,QAR,0.262711,CHF
2018-03-29,QAR,0.2654857,CHF
2018-04-03,QAR,0.2651527,CHF
2018-04-04,QAR,0.2659297,CHF
2018-04-05,QAR,0.2667621,CHF
2018-04-06,QAR,0.2669563,CHF
2018-04-09,QAR,0.2662084,CHF
2018-04-10,QAR,0.265477,CHF
2018-04-11,QAR,0.2655325,CHF
2018-04-12,QAR,0.2657822,CHF
2018-04-13,QAR,0.2672803,CHF
2018-04-16,QAR,0.2671783,CHF
2018-04-17,QAR,0.2664291,CHF
2018-04-18,QAR,0.2684269,CHF
2018-04-19,QAR,0.2689541,CHF
2018-04-20,QAR,0.2697588,CHF
2018-04-23,QAR,0.2707022,CHF
2018-04-24,QAR,0.2715069,CHF
2018-04-25,QAR,0.2719497,CHF
2018-04-26,QAR,0.2726154,CHF
2018-04-27,QAR,0.2745036,CHF
2018-04-30,QAR,0.2739745,CHF
2018-05-01,QAR,0.2751695,CHF
2018-05-02,QAR,0.2762794,CHF
2018-05-03,QAR,0.2768066,CHF
2018-05-04,QAR,0.2767788,CHF
2018-05-07,QAR,0.27725,CHF
2018-05-08,QAR,0.2783049,CHF
2018-05-09,QAR,0.2784992,CHF
2018-05-11,QAR,0.2783327,CHF
2018-05-14,QAR,0.2771363,CHF
2018-05-15,QAR,0.2776113,CHF
2018-05-16,QAR,0.2778055,CHF
2018-05-17,QAR,0.277639,CHF
2018-05-18,QAR,0.27775,CHF
2018-05-22,QAR,0.2765846,CHF
2018-05-23,QAR,0.2755857,CHF
2018-05-24,QAR,0.2759464,CHF
2018-05-25,QAR,0.2755025,CHF
2018-05-28,QAR,0.2750839,CHF
2018-05-29,QAR,0.2756412,CHF
2018-05-30,QAR,0.2753082,CHF
2018-05-31,QAR,0.2743371,CHF
2018-06-01,QAR,0.2736989,CHF
2018-06-04,QAR,0.2742816,CHF
2018-06-05,QAR,0.2742538,CHF
2018-06-06,QAR,0.2730885,CHF
2018-06-07,QAR,0.2735602,CHF
2018-06-08,QAR,0.2721728,CHF
2018-06-11,QAR,0.2731717,CHF
2018-06-12,QAR,0.2739486,CHF
2018-06-13,QAR,0.2739467,CHF
2018-06-14,QAR,0.2734214,CHF
2018-06-15,QAR,0.2767788,CHF
2018-06-18,QAR,0.2764984,CHF
2018-06-19,QAR,0.2754192,CHF
2018-06-20,QAR,0.2760574,CHF
2018-06-21,QAR,0.2767686,CHF
2018-06-22,QAR,0.2751394,CHF
2018-06-25,QAR,0.2740775,CHF
2018-06-26,QAR,0.2737248,CHF
2018-06-27,QAR,0.2748643,CHF
2018-06-28,QAR,0.2765569,CHF
2018-06-29,QAR,0.2768066,CHF
2018-07-02,QAR,0.2752805,CHF
2018-07-03,QAR,0.2760019,CHF
2018-07-04,QAR,0.2749198,CHF
2018-07-05,QAR,0.2758077,CHF
2018-07-06,QAR,0.2759742,CHF
2018-07-09,QAR,0.2742261,CHF
2018-07-10,QAR,0.2752805,CHF
2018-07-11,QAR,0.2754192,CHF
2018-07-12,QAR,0.2764181,CHF
2018-07-13,QAR,0.2781662,CHF
2018-07-16,QAR,0.2780275,CHF
2018-07-17,QAR,0.2765466,CHF
2018-07-18,QAR,0.2776009,CHF
2018-07-19,QAR,0.2770286,CHF
2018-07-20,QAR,0.2776668,CHF
2018-07-23,QAR,0.2749475,CHF
2018-07-24,QAR,0.2755025,CHF
2018-07-25,QAR,0.2757522,CHF
2018-07-26,QAR,0.2750585,CHF
2018-07-27,QAR,0.2757799,CHF
2018-07-30,QAR,0.2760297,CHF
2018-07-31,QAR,0.2740874,CHF
2018-08-02,QAR,0.275225,CHF
